ISBN;Book-Title;Book-Author;Year-Of-Publication;Image-URL-S;;;
195153448;Classical Mythology;Mark P. O. Morford;2002;http://images.amazon.com/images/P/0195153448.01.THUMBZZZ.jpg;;;
2005018;Clara Callan;Richard Bruce Wright;2001;http://images.amazon.com/images/P/0002005018.01.THUMBZZZ.jpg;;;
60973129;Decision in Normandy;Carlo D'Este;1991;http://images.amazon.com/images/P/0060973129.01.THUMBZZZ.jpg;;;
374157065;Flu: The Story of the Great Influenza Pandemic of 1918 and the Search for the Virus That Caused It;Gina Bari Kolata;1999;http://images.amazon.com/images/P/0374157065.01.THUMBZZZ.jpg;;;
393045218;The Mummies of Urumchi;E. J. W. Barber;1999;http://images.amazon.com/images/P/0393045218.01.THUMBZZZ.jpg;;;
399135782;The Kitchen God's Wife;Amy Tan;1991;http://images.amazon.com/images/P/0399135782.01.THUMBZZZ.jpg;;;
425176428;What If?: The World's Foremost Military Historians Imagine What Might Have Been;Robert Cowley;2000;http://images.amazon.com/images/P/0425176428.01.THUMBZZZ.jpg;;;
671870432;PLEADING GUILTY;Scott Turow;1993;http://images.amazon.com/images/P/0671870432.01.THUMBZZZ.jpg;;;
679425608;Under the Black Flag: The Romance and the Reality of Life Among the Pirates;David Cordingly;1996;http://images.amazon.com/images/P/0679425608.01.THUMBZZZ.jpg;;;
074322678X;Where You'll Find Me: And Other Stories;Ann Beattie;2002;http://images.amazon.com/images/P/074322678X.01.THUMBZZZ.jpg;;;
771074670;Nights Below Station Street;David Adams Richards;1988;http://images.amazon.com/images/P/0771074670.01.THUMBZZZ.jpg;;;
080652121X;Hitler's Secret Bankers: The Myth of Swiss Neutrality During the Holocaust;Adam Lebor;2000;http://images.amazon.com/images/P/080652121X.01.THUMBZZZ.jpg;;;
887841740;The Middle Stories;Sheila Heti;2004;http://images.amazon.com/images/P/0887841740.01.THUMBZZZ.jpg;;;
1552041778;Jane Doe;R. J. Kaiser;1999;http://images.amazon.com/images/P/1552041778.01.THUMBZZZ.jpg;;;
1558746218;A Second Chicken Soup for the Woman's Soul (Chicken Soup for the Soul Series);Jack Canfield;1998;http://images.amazon.com/images/P/1558746218.01.THUMBZZZ.jpg;;;
1567407781;The Witchfinder (Amos Walker Mystery Series);Loren D. Estleman;1998;http://images.amazon.com/images/P/1567407781.01.THUMBZZZ.jpg;;;
1575663937;More Cunning Than Man: A Social History of Rats and Man;Robert Hendrickson;1999;http://images.amazon.com/images/P/1575663937.01.THUMBZZZ.jpg;;;
1881320189;Goodbye to the Buttermilk Sky;Julia Oliver;1994;http://images.amazon.com/images/P/1881320189.01.THUMBZZZ.jpg;;;
440234743;The Testament;John Grisham;1999;http://images.amazon.com/images/P/0440234743.01.THUMBZZZ.jpg;;;
452264464;Beloved (Plume Contemporary Fiction);Toni Morrison;1994;http://images.amazon.com/images/P/0452264464.01.THUMBZZZ.jpg;;;
609804618;Our Dumb Century: The Onion Presents 100 Years of Headlines from America's Finest News Source;The Onion;1999;http://images.amazon.com/images/P/0609804618.01.THUMBZZZ.jpg;;;
1841721522;New Vegetarian: Bold and Beautiful Recipes for Every Occasion;Celia Brooks Brown;2001;http://images.amazon.com/images/P/1841721522.01.THUMBZZZ.jpg;;;
1879384493;If I'd Known Then What I Know Now: Why Not Learn from the Mistakes of Others? : You Can't Afford to Make Them All Yourself;J. R. Parrish;2003;http://images.amazon.com/images/P/1879384493.01.THUMBZZZ.jpg;;;
61076031;"Mary-Kate &amp; Ashley Switching Goals (Mary-Kate and Ashley Starring in)";"Mary-Kate &amp; Ashley Olsen";2000;http://images.amazon.com/images/P/0061076031.01.THUMBZZZ.jpg;;;
439095026;Tell Me This Isn't Happening;Robynn Clairday;1999;http://images.amazon.com/images/P/0439095026.01.THUMBZZZ.jpg;;;
689821166;Flood : Mississippi 1927;Kathleen Duey;1998;http://images.amazon.com/images/P/0689821166.01.THUMBZZZ.jpg;;;
971880107;Wild Animus;Rich Shapero;2004;http://images.amazon.com/images/P/0971880107.01.THUMBZZZ.jpg;;;
345402871;Airframe;Michael Crichton;1997;http://images.amazon.com/images/P/0345402871.01.THUMBZZZ.jpg;;;
345417623;Timeline;MICHAEL CRICHTON;2000;http://images.amazon.com/images/P/0345417623.01.THUMBZZZ.jpg;;;
684823802;OUT OF THE SILENT PLANET;C.S. Lewis;1996;http://images.amazon.com/images/P/0684823802.01.THUMBZZZ.jpg;;;
425163091;Chocolate Jesus;Stephan Jaramillo;1998;http://images.amazon.com/images/P/0425163091.01.THUMBZZZ.jpg;;;
375759778;Prague : A Novel;ARTHUR PHILLIPS;2003;http://images.amazon.com/images/P/0375759778.01.THUMBZZZ.jpg;;;
3404921038;Wie Barney es sieht.;Mordecai Richler;2002;http://images.amazon.com/images/P/3404921038.01.THUMBZZZ.jpg;;;
3442353866;Der Fluch der Kaiserin. Ein Richter- Di- Roman.;Eleanor Cooney;2001;http://images.amazon.com/images/P/3442353866.01.THUMBZZZ.jpg;;;
3442410665;Sturmzeit. Roman.;Charlotte Link;1991;http://images.amazon.com/images/P/3442410665.01.THUMBZZZ.jpg;;;
3442446937;Tage der Unschuld.;Richard North Patterson;2000;http://images.amazon.com/images/P/3442446937.01.THUMBZZZ.jpg;;;
375406328;Lying Awake;Mark Salzman;2000;http://images.amazon.com/images/P/0375406328.01.THUMBZZZ.jpg;;;
446310786;To Kill a Mockingbird;Harper Lee;1988;http://images.amazon.com/images/P/0446310786.01.THUMBZZZ.jpg;;;
449005615;Seabiscuit: An American Legend;LAURA HILLENBRAND;2002;http://images.amazon.com/images/P/0449005615.01.THUMBZZZ.jpg;;;
60168013;Pigs in Heaven;Barbara Kingsolver;1993;http://images.amazon.com/images/P/0060168013.01.THUMBZZZ.jpg;;;
038078243X;Miss Zukas and the Raven's Dance;Jo Dereske;1996;http://images.amazon.com/images/P/038078243X.01.THUMBZZZ.jpg;;;
055321215X;Pride and Prejudice;Jane Austen;1983;http://images.amazon.com/images/P/055321215X.01.THUMBZZZ.jpg;;;
067176537X;The Therapeutic Touch: How to Use Your Hands to Help or to Heal;Dolores Krieger;1979;http://images.amazon.com/images/P/067176537X.01.THUMBZZZ.jpg;;;
61099686;Downtown;Anne Rivers Siddons;1995;http://images.amazon.com/images/P/0061099686.01.THUMBZZZ.jpg;;;
553582909;Icebound;Dean R. Koontz;2000;http://images.amazon.com/images/P/0553582909.01.THUMBZZZ.jpg;;;
671888587;I'll Be Seeing You;Mary Higgins Clark;1994;http://images.amazon.com/images/P/0671888587.01.THUMBZZZ.jpg;;;
553582747;From the Corner of His Eye;Dean Koontz;2001;http://images.amazon.com/images/P/0553582747.01.THUMBZZZ.jpg;;;
425182908;Isle of Dogs;Patricia Cornwell;2002;http://images.amazon.com/images/P/0425182908.01.THUMBZZZ.jpg;;;
042518630X;Purity in Death;J.D. Robb;2002;http://images.amazon.com/images/P/042518630X.01.THUMBZZZ.jpg;;;
440223571;This Year It Will Be Different: And Other Stories;Maeve Binchy;1997;http://images.amazon.com/images/P/0440223571.01.THUMBZZZ.jpg;;;
812523873;Proxies;Laura J. Mixon;1999;http://images.amazon.com/images/P/0812523873.01.THUMBZZZ.jpg;;;
842342702;Left Behind: A Novel of the Earth's Last Days (Left Behind #1);Tim Lahaye;2000;http://images.amazon.com/images/P/0842342702.01.THUMBZZZ.jpg;;;
440225701;The Street Lawyer;JOHN GRISHAM;1999;http://images.amazon.com/images/P/0440225701.01.THUMBZZZ.jpg;;;
60914068;Love, Medicine and Miracles;M.D. Bernie S. Siegel;1988;http://images.amazon.com/images/P/0060914068.01.THUMBZZZ.jpg;;;
156047624;All the King's Men;Robert Penn Warren;1982;http://images.amazon.com/images/P/0156047624.01.THUMBZZZ.jpg;;;
245542957;Pacific Northwest;Hans Johannes Hoefer;1985;http://images.amazon.com/images/P/0245542957.01.THUMBZZZ.jpg;;;
380715899;A Soldier of the Great War;Mark Helprin;1992;http://images.amazon.com/images/P/0380715899.01.THUMBZZZ.jpg;;;
553280333;Getting Well Again;O. Carol Simonton Md;1992;http://images.amazon.com/images/P/0553280333.01.THUMBZZZ.jpg;;;
961769947;Northwest Wines and Wineries;Chuck Hill;1993;http://images.amazon.com/images/P/0961769947.01.THUMBZZZ.jpg;;;
964778319;An Atmosphere of Eternity: Stories of India;David Iglehart;2002;http://images.amazon.com/images/P/0964778319.01.THUMBZZZ.jpg;;;
671623249;LONESOME DOVE;Larry McMurtry;1986;http://images.amazon.com/images/P/0671623249.01.THUMBZZZ.jpg;;;
679810307;Shabanu: Daughter of the Wind (Border Trilogy);SUZANNE FISHER STAPLES;1991;http://images.amazon.com/images/P/0679810307.01.THUMBZZZ.jpg;;;
679865691;Haveli (Laurel Leaf Books);SUZANNE FISHER STAPLES;1995;http://images.amazon.com/images/P/0679865691.01.THUMBZZZ.jpg;;;
2070423204;Lieux dits;Michel Tournier;2002;http://images.amazon.com/images/P/2070423204.01.THUMBZZZ.jpg;;;
345260317;The Dragons of Eden: Speculations on the Evolution of Human Intelligence;Carl Sagan;1978;http://images.amazon.com/images/P/0345260317.01.THUMBZZZ.jpg;;;
394743741;The yawning heights;Aleksandr Zinoviev;1980;http://images.amazon.com/images/P/0394743741.01.THUMBZZZ.jpg;;;
042511774X;Breathing Lessons;Anne Tyler;1994;http://images.amazon.com/images/P/042511774X.01.THUMBZZZ.jpg;;;
804106304;The Joy Luck Club;Amy Tan;1994;http://images.amazon.com/images/P/0804106304.01.THUMBZZZ.jpg;;;
1853262404;Heart of Darkness (Wordsworth Collection);Joseph Conrad;1998;http://images.amazon.com/images/P/1853262404.01.THUMBZZZ.jpg;;;
312970242;The Angel Is Near;Deepak Chopra;2000;http://images.amazon.com/images/P/0312970242.01.THUMBZZZ.jpg;;;
1853260053;Tess of the D'Urbervilles (Wordsworth Classics);Thomas Hardy;1997;http://images.amazon.com/images/P/1853260053.01.THUMBZZZ.jpg;;;
1414035004;The Adventures of Drew and Ellie: The Magical Dress;Charles Noland;2003;http://images.amazon.com/images/P/1414035004.01.THUMBZZZ.jpg;;;
60938412;The Accidental Virgin;Valerie Frankel;2003;http://images.amazon.com/images/P/0060938412.01.THUMBZZZ.jpg;;;
140067477;The Tao of Pooh;Benjamin Hoff;1983;http://images.amazon.com/images/P/0140067477.01.THUMBZZZ.jpg;;;
345465083;Seabiscuit;LAURA HILLENBRAND;2003;http://images.amazon.com/images/P/0345465083.01.THUMBZZZ.jpg;;;
451625889;The Prince;Niccolo Machiavelli;1952;http://images.amazon.com/images/P/0451625889.01.THUMBZZZ.jpg;;;
1558531025;Life's Little Instruction Book (Life's Little Instruction Books (Paperback));H. Jackson Brown;1991;http://images.amazon.com/images/P/1558531025.01.THUMBZZZ.jpg;;;
441783589;Starship Troopers;Robert A. Heinlein;1987;http://images.amazon.com/images/P/0441783589.01.THUMBZZZ.jpg;;;
394895894;The Ruby in the Smoke (Sally Lockhart Trilogy, Book 1);PHILIP PULLMAN;1988;http://images.amazon.com/images/P/0394895894.01.THUMBZZZ.jpg;;;
1569871213;Black Beauty (Illustrated Classics);Anna Sewell;1995;http://images.amazon.com/images/P/1569871213.01.THUMBZZZ.jpg;;;
375410538;Anil's Ghost;MICHAEL ONDAATJE;2000;http://images.amazon.com/images/P/0375410538.01.THUMBZZZ.jpg;;;
966986105;Prescription for Terror;Sandra Levy Ceren;1999;http://images.amazon.com/images/P/0966986105.01.THUMBZZZ.jpg;;;
087113375X;Modern Manners: An Etiquette Book for Rude People;P.J. O'Rourke;1990;http://images.amazon.com/images/P/087113375X.01.THUMBZZZ.jpg;;;
340767936;Turning Thirty;Mike Gayle;2000;http://images.amazon.com/images/P/0340767936.01.THUMBZZZ.jpg;;;
743403843;Decipher;Stel Pavlou;2002;http://images.amazon.com/images/P/0743403843.01.THUMBZZZ.jpg;;;
60930365;My First Cousin Once Removed: Money, Madness, and the Family of Robert Lowell;Sarah Payne Stuart;1999;http://images.amazon.com/images/P/0060930365.01.THUMBZZZ.jpg;;;
60177586;Standing Firm: A Vice-Presidential Memoir;Dan Quayle;1994;http://images.amazon.com/images/P/0060177586.01.THUMBZZZ.jpg;;;
71416331;Team Bush : Leadership Lessons from the Bush White House;Donald F. Kettl;2003;http://images.amazon.com/images/P/0071416331.01.THUMBZZZ.jpg;;;
375509038;The Right Man : The Surprise Presidency of George W. Bush;DAVID FRUM;2003;http://images.amazon.com/images/P/0375509038.01.THUMBZZZ.jpg;;;
553062042;Daybreakers Louis Lamour Collection;Louis Lamour;1981;http://images.amazon.com/images/P/0553062042.01.THUMBZZZ.jpg;;;
316769487;The Catcher in the Rye;J.D. Salinger;1991;http://images.amazon.com/images/P/0316769487.01.THUMBZZZ.jpg;;;
8445071408;El Senor De Los Anillos: LA Comunidad Del Anillo (Lord of the Rings (Spanish));J. R. R. Tolkien;2001;http://images.amazon.com/images/P/8445071408.01.THUMBZZZ.jpg;;;
8445071769;El Senor De Los Anillos: Las DOS Torres (Lord of the Rings (Paperback));J. R. R. Tolkien;2001;http://images.amazon.com/images/P/8445071769.01.THUMBZZZ.jpg;;;
8445071777;El Senor De Los Anillos: El Retorno Del Rey (Tolkien, J. R. R. Lord of the Rings. 3.);J. R. R. Tolkien;2001;http://images.amazon.com/images/P/8445071777.01.THUMBZZZ.jpg;;;
679429220;Midnight in the Garden of Good and Evil: A Savannah Story;John Berendt;1994;http://images.amazon.com/images/P/0679429220.01.THUMBZZZ.jpg;;;
671867156;Pretend You Don't See Her;Mary Higgins Clark;1998;http://images.amazon.com/images/P/0671867156.01.THUMBZZZ.jpg;;;
312252617;Fast Women;Jennifer Crusie;2001;http://images.amazon.com/images/P/0312252617.01.THUMBZZZ.jpg;;;
312261594;Female Intelligence;Jane Heller;2001;http://images.amazon.com/images/P/0312261594.01.THUMBZZZ.jpg;;;
316748641;Pasquale's Nose: Idle Days in an Italian Town;Michael Rips;2002;http://images.amazon.com/images/P/0316748641.01.THUMBZZZ.jpg;;;
316973742;The Gospel of Judas: A Novel;Simon Mawer;2002;http://images.amazon.com/images/P/0316973742.01.THUMBZZZ.jpg;;;
385235941;Prize Stories, 1987: The O'Henry Awards;William Abrahams;1987;http://images.amazon.com/images/P/0385235941.01.THUMBZZZ.jpg;;;
446677450;Rich Dad, Poor Dad: What the Rich Teach Their Kids About Money--That the Poor and Middle Class Do Not!;Robert T. Kiyosaki;2000;http://images.amazon.com/images/P/0446677450.01.THUMBZZZ.jpg;;;
451166892;The Pillars of the Earth;Ken Follett;1996;http://images.amazon.com/images/P/0451166892.01.THUMBZZZ.jpg;;;
553347594;McDonald's: Behind the Arches;John F. Love;1995;http://images.amazon.com/images/P/0553347594.01.THUMBZZZ.jpg;;;
671621009;Creating Wealth : Retire in Ten Years Using Allen's Seven Principles of Wealth!;Robert G. Allen;1986;http://images.amazon.com/images/P/0671621009.01.THUMBZZZ.jpg;;;
067976397X;Corelli's Mandolin : A Novel;LOUIS DE BERNIERES;1995;http://images.amazon.com/images/P/067976397X.01.THUMBZZZ.jpg;;;
684822733;Love, Miracles, and Animal Healing : A heartwarming look at the spiritual bond between animals and humans;Pam Proctor;1996;http://images.amazon.com/images/P/0684822733.01.THUMBZZZ.jpg;;;
786868716;The Five People You Meet in Heaven;Mitch Albom;2003;http://images.amazon.com/images/P/0786868716.01.THUMBZZZ.jpg;;;
8472238822;Tu Nombre Escrito En El Agua (La Sonrisa Vertical);Irene Gonzalez Frei;2002;http://images.amazon.com/images/P/8472238822.01.THUMBZZZ.jpg;;;
671864769;Relics (Star Trek: The Next Generation);Michael Jan Friedman;1992;http://images.amazon.com/images/P/0671864769.01.THUMBZZZ.jpg;;;
671521519;Bless The Beasts And Children : Bless The Beasts And Children;Glendon Swarthout;1995;http://images.amazon.com/images/P/0671521519.01.THUMBZZZ.jpg;;;
440222303;The Touch of Your Shadow, the Whisper of Your Name (Babylon 5, Book 5);Neal Barrett Jr.;1996;http://images.amazon.com/images/P/0440222303.01.THUMBZZZ.jpg;;;
312953453;Blood Oath;David Morrell;1994;http://images.amazon.com/images/P/0312953453.01.THUMBZZZ.jpg;;;
446608653;The Alibi;Sandra Brown;2000;http://images.amazon.com/images/P/0446608653.01.THUMBZZZ.jpg;;;
446612545;The Beach House;James Patterson;2003;http://images.amazon.com/images/P/0446612545.01.THUMBZZZ.jpg;;;
446612618;A Kiss Remembered;Sandra Brown;2003;http://images.amazon.com/images/P/0446612618.01.THUMBZZZ.jpg;;;
451208080;The Short Forever;Stuart Woods;2003;http://images.amazon.com/images/P/0451208080.01.THUMBZZZ.jpg;;;
553584383;Dead Aim;IRIS JOHANSEN;2004;http://images.amazon.com/images/P/0553584383.01.THUMBZZZ.jpg;;;
671027360;"Angels &amp; Demons";Dan Brown;2001;http://images.amazon.com/images/P/0671027360.01.THUMBZZZ.jpg;;;
812575954;The Deal;Joe Hutsko;2000;http://images.amazon.com/images/P/0812575954.01.THUMBZZZ.jpg;;;
316735736;All He Ever Wanted: A Novel;Anita Shreve;2004;http://images.amazon.com/images/P/0316735736.01.THUMBZZZ.jpg;;;
743439740;Every Breath You Take : A True Story of Obsession, Revenge, and Murder;Ann Rule;2002;http://images.amazon.com/images/P/0743439740.01.THUMBZZZ.jpg;;;
345372700;If I Ever Get Back to Georgia, I'm Gonna Nail My Feet to the Ground;LEWIS GRIZZARD;1991;http://images.amazon.com/images/P/0345372700.01.THUMBZZZ.jpg;;;
380619458;The Mosquito Coast;Paul Theroux;1990;http://images.amazon.com/images/P/0380619458.01.THUMBZZZ.jpg;;;
446325805;If Love Were Oil, I'd Be About a Quart Low;Lewis Grizzard;1994;http://images.amazon.com/images/P/0446325805.01.THUMBZZZ.jpg;;;
451406923;Goodbye, My Little Ones: The True Story of a Murderous Mother and Five Innocent Victims;Charles Hickey;1996;http://images.amazon.com/images/P/0451406923.01.THUMBZZZ.jpg;;;
671042858;The Girl Who Loved Tom Gordon;Stephen King;2000;http://images.amazon.com/images/P/0671042858.01.THUMBZZZ.jpg;;;
743249992;Bringing Down the House: The Inside Story of Six M.I.T. Students Who Took Vegas for Millions;Ben Mezrich;2003;http://images.amazon.com/images/P/0743249992.01.THUMBZZZ.jpg;;;
840734530;The Oneprince (The Redaemian Chronicles, Book 1);Bill Hand;1992;http://images.amazon.com/images/P/0840734530.01.THUMBZZZ.jpg;;;
425184226;The Sum of All Fears;Tom Clancy;2002;http://images.amazon.com/images/P/0425184226.01.THUMBZZZ.jpg;;;
375500766;Care Packages : Letters to Christopher Reeve from Strangers and Other Friends;DANA REEVE;1999;http://images.amazon.com/images/P/0375500766.01.THUMBZZZ.jpg;;;
9724119378;O Deus Das Pequenas Coisas;Roy;1998;http://images.amazon.com/images/P/9724119378.01.THUMBZZZ.jpg;;;
451205197;Lady in Green/Minor Indiscretions (Signet Regency Romance);Barbara Metzger;2002;http://images.amazon.com/images/P/0451205197.01.THUMBZZZ.jpg;;;
60929790;One Hundred Years of Solitude;Gabriel Garcia Marquez;1998;http://images.amazon.com/images/P/0060929790.01.THUMBZZZ.jpg;;;
60976845;Little Altars Everywhere: A Novel;Rebecca Wells;1996;http://images.amazon.com/images/P/0060976845.01.THUMBZZZ.jpg;;;
61099325;Coyote Waits (Joe Leaphorn/Jim Chee Novels);Tony Hillerman;1992;http://images.amazon.com/images/P/0061099325.01.THUMBZZZ.jpg;;;
671004573;Before I Say Good-Bye;Mary Higgins Clark;2001;http://images.amazon.com/images/P/0671004573.01.THUMBZZZ.jpg;;;
446601640;Slow Waltz in Cedar Bend;Robert James Waller;1994;http://images.amazon.com/images/P/0446601640.01.THUMBZZZ.jpg;;;
330484516;Twenty Minute Retreats: Revive Your Spirits in Just Minutes a Day (A Pan Self-discovery Title);Rachel Harris;2001;http://images.amazon.com/images/P/0330484516.01.THUMBZZZ.jpg;;;
038572179X;Atonement : A Novel;IAN MCEWAN;2003;http://images.amazon.com/images/P/038572179X.01.THUMBZZZ.jpg;;;
393020371;Next: The Future Just Happened;Michael Lewis;2001;http://images.amazon.com/images/P/0393020371.01.THUMBZZZ.jpg;;;
1900850303;The Angelic Darkness;Richard Zimler;1999;http://images.amazon.com/images/P/1900850303.01.THUMBZZZ.jpg;;;
1903019699;The Soulbane Stratagem;Norman Jetmundsen;2000;http://images.amazon.com/images/P/1903019699.01.THUMBZZZ.jpg;;;
345425294;Gangster;Lorenzo Carcaterra;2002;http://images.amazon.com/images/P/0345425294.01.THUMBZZZ.jpg;;;
451410319;Hush;Anne Frasier;2002;http://images.amazon.com/images/P/0451410319.01.THUMBZZZ.jpg;;;
553583468;Whisper of Evil (Hooper, Kay. Evil Trilogy.);Kay Hooper;2002;http://images.amazon.com/images/P/0553583468.01.THUMBZZZ.jpg;;;
8420639133;Temor y Temblor;Soren Kierkegaard;2001;http://images.amazon.com/images/P/8420639133.01.THUMBZZZ.jpg;;;
8476409419;Estudios sobre el amor;Jose Ortega Y Gaset;2001;http://images.amazon.com/images/P/8476409419.01.THUMBZZZ.jpg;;;
380778556;Rebecca;Daphne Du Maurier;1994;http://images.amazon.com/images/P/0380778556.01.THUMBZZZ.jpg;;;
451525221;Scarlet Letter;Nathaniel Hawthorne;1993;http://images.amazon.com/images/P/0451525221.01.THUMBZZZ.jpg;;;
2740230;Keep It Simple: And Get More Out of Life;Nick Page;1999;http://images.amazon.com/images/P/0002740230.01.THUMBZZZ.jpg;;;
385336772;Diary of a Mad Mom-To-Be;Laura Wolf;2003;http://images.amazon.com/images/P/0385336772.01.THUMBZZZ.jpg;;;
440949424;Locked in Time (Laurel Leaf Books);LOIS DUNCAN;1986;http://images.amazon.com/images/P/0440949424.01.THUMBZZZ.jpg;;;
505524996;Contact;Susan Grant;2002;http://images.amazon.com/images/P/0505524996.01.THUMBZZZ.jpg;;;
140252800;The Brimstone Wedding;Barbara Vine;1997;http://images.amazon.com/images/P/0140252800.01.THUMBZZZ.jpg;;;
451452755;The Catswold Portal;Shirley Rousseau Murphy;1993;http://images.amazon.com/images/P/0451452755.01.THUMBZZZ.jpg;;;
812575482;Through Wolf's Eyes (Wolf);Jane Lindskold;2002;http://images.amazon.com/images/P/0812575482.01.THUMBZZZ.jpg;;;
044651747X;Puerto Vallarta Squeeze;Robert James Waller;1995;http://images.amazon.com/images/P/044651747X.01.THUMBZZZ.jpg;;;
60801263;Tree Grows In Brooklyn;Betty Smith;1988;http://images.amazon.com/images/P/0060801263.01.THUMBZZZ.jpg;;;
140250964;Snow Angels;Stewart O'Nan;1995;http://images.amazon.com/images/P/0140250964.01.THUMBZZZ.jpg;;;
446527165;Wish You Well;David Baldacci;2000;http://images.amazon.com/images/P/0446527165.01.THUMBZZZ.jpg;;;
671461494;The Hitchhiker's Guide to the Galaxy;Douglas Adams;1982;http://images.amazon.com/images/P/0671461494.01.THUMBZZZ.jpg;;;
385337639;Crow Lake (Today Show Book Club #7);Mary Lawson;2003;http://images.amazon.com/images/P/0385337639.01.THUMBZZZ.jpg;;;
039575514X;My Antonia;Willa Cather;1995;http://images.amazon.com/images/P/039575514X.01.THUMBZZZ.jpg;;;
451206673;Pen Pals;Olivia Goldsmith;2002;http://images.amazon.com/images/P/0451206673.01.THUMBZZZ.jpg;;;
330332775;Bridget Jones's Diary;Helen Fielding;1997;http://images.amazon.com/images/P/0330332775.01.THUMBZZZ.jpg;;;
486284735;Pride and Prejudice (Dover Thrift Editions);Jane Austen;1995;http://images.amazon.com/images/P/0486284735.01.THUMBZZZ.jpg;;;
671021745;EYE ON CRIME: HARDY BOYS #153;Franklin W. Dixon;1998;http://images.amazon.com/images/P/0671021745.01.THUMBZZZ.jpg;;;
671047612;Skin And Bones;Franklin W. Dixon;2000;http://images.amazon.com/images/P/0671047612.01.THUMBZZZ.jpg;;;
671504282;LAW OF THE JUNGLE (HARDY BOYS CASE FILE 105) : LAW OF THE JUNGLE (Hardy Boys, The);Franklin W. Dixon;1995;http://images.amazon.com/images/P/0671504282.01.THUMBZZZ.jpg;;;
399138684;The Cat Who Came to Breakfast (Cat Who... (Hardcover));Lilian Jackson Braun;1994;http://images.amazon.com/images/P/0399138684.01.THUMBZZZ.jpg;;;
785263292;If Singleness Is a Gift, What's the Return Policy?;Holly Virden;2003;http://images.amazon.com/images/P/0785263292.01.THUMBZZZ.jpg;;;
830714014;Always Daddy's Girl: Understanding Your Father's Impact on Who You Are;H. Norman Wright;1989;http://images.amazon.com/images/P/0830714014.01.THUMBZZZ.jpg;;;
345354931;Night Mare (Xanth Novels (Paperback));Piers Anthony;1990;http://images.amazon.com/images/P/0345354931.01.THUMBZZZ.jpg;;;
553278223;The Martian Chronicles;RAY BRADBURY;1984;http://images.amazon.com/images/P/0553278223.01.THUMBZZZ.jpg;;;
3150000335;Kabale Und Liebe;Schiller;0;http://images.amazon.com/images/P/3150000335.01.THUMBZZZ.jpg;;;
3257233051;Veronika Deschliesst Zu Sterben / Vernika Decides to Die;Paolo Coelho;2002;http://images.amazon.com/images/P/3257233051.01.THUMBZZZ.jpg;;;
342311360X;Die Liebe in Den Zelten;Gabriel Garcia Marquez;0;http://images.amazon.com/images/P/342311360X.01.THUMBZZZ.jpg;;;
3423116714;Die Klone der Joanna May. Roman.;Fay Weldon;1993;http://images.amazon.com/images/P/3423116714.01.THUMBZZZ.jpg;;;
3423241489;Ist mein Hintern wirklich so dick? Tagebuch einer empfindsamen Frau.;Arabella Weir;1998;http://images.amazon.com/images/P/3423241489.01.THUMBZZZ.jpg;;;
3426605686;Haifischfrauen.;Kiana Davenport;1996;http://images.amazon.com/images/P/3426605686.01.THUMBZZZ.jpg;;;
3453212150;Die Cappuccino- Jahre. Aus dem Tagebuch des Adrian Mole.;Sue Townsend;2002;http://images.amazon.com/images/P/3453212150.01.THUMBZZZ.jpg;;;
60977493;The God of Small Things;Arundhati Roy;1998;http://images.amazon.com/images/P/0060977493.01.THUMBZZZ.jpg;;;
312872682;"The James Dean Affair: A Neil Gulliver &amp; Stevie Marriner Novel";Robert S. Levinson;2000;http://images.amazon.com/images/P/0312872682.01.THUMBZZZ.jpg;;;
316602906;The Big Bad Wolf: A Novel;James Patterson;2003;http://images.amazon.com/images/P/0316602906.01.THUMBZZZ.jpg;;;
316693006;Four Blind Mice;James Patterson;2002;http://images.amazon.com/images/P/0316693006.01.THUMBZZZ.jpg;;;
345311396;Private Screening;Richard North Patterson;1994;http://images.amazon.com/images/P/0345311396.01.THUMBZZZ.jpg;;;
345378490;Congo;Michael Crichton;1995;http://images.amazon.com/images/P/0345378490.01.THUMBZZZ.jpg;;;
345404793;Protect and Defend;Richard North Patterson;2001;http://images.amazon.com/images/P/0345404793.01.THUMBZZZ.jpg;;;
345433173;The Tall Pine Polka;Lorna Landvik;1999;http://images.amazon.com/images/P/0345433173.01.THUMBZZZ.jpg;;;
375400117;Memoirs of a Geisha;Arthur Golden;1997;http://images.amazon.com/images/P/0375400117.01.THUMBZZZ.jpg;;;
375705856;Plainsong (Vintage Contemporaries);KENT HARUF;2000;http://images.amazon.com/images/P/0375705856.01.THUMBZZZ.jpg;;;
380717018;Body of Evidence (Kay Scarpetta Mysteries (Paperback));Patricia D. Cornwell;1992;http://images.amazon.com/images/P/0380717018.01.THUMBZZZ.jpg;;;
380718332;All That Remains (Kay Scarpetta Mysteries (Paperback));Patricia D. Cornwell;1993;http://images.amazon.com/images/P/0380718332.01.THUMBZZZ.jpg;;;
380754509;The Case of the Lost Look-Alike (An Avon Camelot Book);Carol J. Farley;1988;http://images.amazon.com/images/P/0380754509.01.THUMBZZZ.jpg;;;
038076654X;Petals on the River;Kathleen E. Woodiwiss;1997;http://images.amazon.com/images/P/038076654X.01.THUMBZZZ.jpg;;;
380807866;The Elusive Flame;Kathleen E. Woodiwiss;1999;http://images.amazon.com/images/P/0380807866.01.THUMBZZZ.jpg;;;
385316895;Legacy of Silence;Belva Plain;1998;http://images.amazon.com/images/P/0385316895.01.THUMBZZZ.jpg;;;
385497466;The Brethren;JOHN GRISHAM;2000;http://images.amazon.com/images/P/0385497466.01.THUMBZZZ.jpg;;;
385508042;The King of Torts;John Grisham;2003;http://images.amazon.com/images/P/0385508042.01.THUMBZZZ.jpg;;;
385509456;The Curious Incident of the Dog in the Night-Time : A Novel;MARK HADDON;2003;http://images.amazon.com/images/P/0385509456.01.THUMBZZZ.jpg;;;
385511612;Bleachers;John Grisham;2003;http://images.amazon.com/images/P/0385511612.01.THUMBZZZ.jpg;;;
385730586;Sisterhood of the Traveling Pants;ANN BRASHARES;2003;http://images.amazon.com/images/P/0385730586.01.THUMBZZZ.jpg;;;
425164403;Only Love (Magical Love);Erich Segal;1998;http://images.amazon.com/images/P/0425164403.01.THUMBZZZ.jpg;;;
440234964;All or Nothing (Wheeler Large Print Books);Elizabeth Adler;2000;http://images.amazon.com/images/P/0440234964.01.THUMBZZZ.jpg;;;
446605484;Roses Are Red (Alex Cross Novels);James Patterson;2001;http://images.amazon.com/images/P/0446605484.01.THUMBZZZ.jpg;;;
446610399;The Rescue;Nicholas Sparks;2001;http://images.amazon.com/images/P/0446610399.01.THUMBZZZ.jpg;;;
449006522;Manhattan Hunt Club;JOHN SAUL;2002;http://images.amazon.com/images/P/0449006522.01.THUMBZZZ.jpg;;;
449911004;Patty Jane's House of Curl (Ballantine Reader's Circle);LORNA LANDVIK;1996;http://images.amazon.com/images/P/0449911004.01.THUMBZZZ.jpg;;;
451162072;Pet Sematary;Stephen King;1994;http://images.amazon.com/images/P/0451162072.01.THUMBZZZ.jpg;;;
451186648;Silent Snow;Steve Thayer;2000;http://images.amazon.com/images/P/0451186648.01.THUMBZZZ.jpg;;;
452282152;Girl with a Pearl Earring;Tracy Chevalier;2001;http://images.amazon.com/images/P/0452282152.01.THUMBZZZ.jpg;;;
051513290X;Summer of Storms;Judith Kelman;2002;http://images.amazon.com/images/P/051513290X.01.THUMBZZZ.jpg;;;
553580388;The Patient;Michael Palmer;2001;http://images.amazon.com/images/P/0553580388.01.THUMBZZZ.jpg;;;
590598848;Demona's Revenge (Gargoyles, No. 2);Francine Hughes;1995;http://images.amazon.com/images/P/0590598848.01.THUMBZZZ.jpg;;;
590629719;Clifford's Sports Day;Norman Bridwell;1996;http://images.amazon.com/images/P/0590629719.01.THUMBZZZ.jpg;;;
671023616;Postmortem (Kay Scarpetta Mysteries (Paperback));Patricia Cornwell;1998;http://images.amazon.com/images/P/0671023616.01.THUMBZZZ.jpg;;;
671027387;Deception Point;Dan Brown;2002;http://images.amazon.com/images/P/0671027387.01.THUMBZZZ.jpg;;;
684848783;Tis : A Memoir;Frank McCourt;1999;http://images.amazon.com/images/P/0684848783.01.THUMBZZZ.jpg;;;
743486226;"Angels &amp; Demons";Dan Brown;2003;http://images.amazon.com/images/P/0743486226.01.THUMBZZZ.jpg;;;
786863986;A Monk Swimming;Malachy McCourt;1998;http://images.amazon.com/images/P/0786863986.01.THUMBZZZ.jpg;;;
803251718;Crazy Horse;Mari Sandoz;1961;http://images.amazon.com/images/P/0803251718.01.THUMBZZZ.jpg;;;
804117934;The Silent Cry (William Monk Novels (Paperback));Anne Perry;1998;http://images.amazon.com/images/P/0804117934.01.THUMBZZZ.jpg;;;
140003180X;The Kalahari Typing School for Men (No. 1 Ladies' Detective Agency);ALEXANDER MCCALL SMITH;2004;http://images.amazon.com/images/P/140003180X.01.THUMBZZZ.jpg;;;
155874262X;Chicken Soup for the Soul (Chicken Soup for the Soul);Jack Canfield;1993;http://images.amazon.com/images/P/155874262X.01.THUMBZZZ.jpg;;;
60987103;Wicked: The Life and Times of the Wicked Witch of the West;Gregory Maguire;1996;http://images.amazon.com/images/P/0060987103.01.THUMBZZZ.jpg;;;
151008116;Life of Pi;Yann Martel;2002;http://images.amazon.com/images/P/0151008116.01.THUMBZZZ.jpg;;;
375704965;A Judgement in Stone;Ruth Rendell;2000;http://images.amazon.com/images/P/0375704965.01.THUMBZZZ.jpg;;;
525947647;Lies and the Lying Liars Who Tell Them: A Fair and Balanced Look at the Right;Al Franken;2003;http://images.amazon.com/images/P/0525947647.01.THUMBZZZ.jpg;;;
804111359;Secret History;DONNA TARTT;1993;http://images.amazon.com/images/P/0804111359.01.THUMBZZZ.jpg;;;
1558744150;Chicken Soup for the Woman's Soul (Chicken Soup for the Soul Series (Paper));Jack Canfield;1996;http://images.amazon.com/images/P/1558744150.01.THUMBZZZ.jpg;;;
435272683;Great Expectations (Heinemann Guided Readers);John Milne;1995;http://images.amazon.com/images/P/0435272683.01.THUMBZZZ.jpg;;;
316782505;The Weight of Water;Anita Shreve;2001;http://images.amazon.com/images/P/0316782505.01.THUMBZZZ.jpg;;;
006102063X;Moving Pictures (Discworld Novels (Paperback));Terry Pratchett;2002;http://images.amazon.com/images/P/006102063X.01.THUMBZZZ.jpg;;;
60013117;Night Watch;Terry Pratchett;2002;http://images.amazon.com/images/P/0060013117.01.THUMBZZZ.jpg;;;
60199563;Thief of Time;Terry Pratchett;2001;http://images.amazon.com/images/P/0060199563.01.THUMBZZZ.jpg;;;
006052779X;Charlotte's Web Book and Charm (Charming Classics);E. B. White;2003;http://images.amazon.com/images/P/006052779X.01.THUMBZZZ.jpg;;;
60563079;Peter Pan: The Original Story (Peter Pan);J. M. Barrie;2003;http://images.amazon.com/images/P/0060563079.01.THUMBZZZ.jpg;;;
60809027;My Friend Flicka;Mary O'Hara;1988;http://images.amazon.com/images/P/0060809027.01.THUMBZZZ.jpg;;;
61040967;The Last Hero : A Discworld Fable (Discworld Novels (Hardcover));Terry Pratchett;2001;http://images.amazon.com/images/P/0061040967.01.THUMBZZZ.jpg;;;
61050474;Jingo: A Discworld Novel (Discworld Series/Terry Pratchett);Terry Pratchett;1998;http://images.amazon.com/images/P/0061050474.01.THUMBZZZ.jpg;;;
61052515;Maskerade: A Novel of Discworld (Pratchett, Terry. Discworld Series (New York, N.Y.).);Terry Pratchett;1997;http://images.amazon.com/images/P/0061052515.01.THUMBZZZ.jpg;;;
61052523;Interesting Times: A Novel of Discworld;Terry Pratchett;1997;http://images.amazon.com/images/P/0061052523.01.THUMBZZZ.jpg;;;
64472264;On the Bright Side, I'm Now the Girlfriend of a Sex God: Further Confessions of Georgia Nicolson;Louise Rennison;2002;http://images.amazon.com/images/P/0064472264.01.THUMBZZZ.jpg;;;
140620664;Mansfield Park (Penguin Popular Classics);Jane Austen;1994;http://images.amazon.com/images/P/0140620664.01.THUMBZZZ.jpg;;;
312148267;The Wind in the Willows;Kenneth Grahame;1996;http://images.amazon.com/images/P/0312148267.01.THUMBZZZ.jpg;;;
312156960;The Winter King: A Novel of Arthur (The Warlord Chronicles: I);Bernard Cornwell;1997;http://images.amazon.com/images/P/0312156960.01.THUMBZZZ.jpg;;;
312890044;Moonheart (Newford);Charles de Lint;1994;http://images.amazon.com/images/P/0312890044.01.THUMBZZZ.jpg;;;
034543191X;The King of Elfland's Daughter (Del Rey Impact);Edward John Moreton Drax Plunkett Dunsany;1999;http://images.amazon.com/images/P/034543191X.01.THUMBZZZ.jpg;;;
373836023;Powder and Patch;Georgette Heyer;2004;http://images.amazon.com/images/P/0373836023.01.THUMBZZZ.jpg;;;
375751513;The Picture of Dorian Gray (Modern Library (Paperback));OSCAR WILDE;1998;http://images.amazon.com/images/P/0375751513.01.THUMBZZZ.jpg;;;
375801677;The Iron Giant;Ted Hughes;1999;http://images.amazon.com/images/P/0375801677.01.THUMBZZZ.jpg;;;
375814248;James and the Giant Peach;ROALD DAHL;2002;http://images.amazon.com/images/P/0375814248.01.THUMBZZZ.jpg;;;
375823352;The Amber Spyglass (His Dark Materials, Book 3);PHILIP PULLMAN;2002;http://images.amazon.com/images/P/0375823352.01.THUMBZZZ.jpg;;;
037582345X;The Golden Compass (His Dark Materials, Book 1);PHILIP PULLMAN;2002;http://images.amazon.com/images/P/037582345X.01.THUMBZZZ.jpg;;;
375823468;The Subtle Knife (His Dark Materials, Book 2);PHILIP PULLMAN;2002;http://images.amazon.com/images/P/0375823468.01.THUMBZZZ.jpg;;;
380730448;The Adrian Mole Diaries : The Secret Diary of Adrian Mole, Aged 13 3/4 : The Growing Pains of Adrian Mole;Sue Townsend;1997;http://images.amazon.com/images/P/0380730448.01.THUMBZZZ.jpg;;;
380973839;Martian Chronicles;Ray Bradbury;1997;http://images.amazon.com/images/P/0380973839.01.THUMBZZZ.jpg;;;
385327773;The Great God Pan;Donna Jo Napoli;2003;http://images.amazon.com/images/P/0385327773.01.THUMBZZZ.jpg;;;
394586239;Possession: A Romance;A. S. Byatt;1990;http://images.amazon.com/images/P/0394586239.01.THUMBZZZ.jpg;;;
439510112;Born Confused;Tanuja Desai Hidier;2003;http://images.amazon.com/images/P/0439510112.01.THUMBZZZ.jpg;;;
440241413;Confessions of a Shopaholic;SOPHIE KINSELLA;2003;http://images.amazon.com/images/P/0440241413.01.THUMBZZZ.jpg;;;
451409256;Making Minty Malone;Isabel Wolff;2000;http://images.amazon.com/images/P/0451409256.01.THUMBZZZ.jpg;;;
451523415;Little Women (Signet Classic);Louisa May Alcott;1988;http://images.amazon.com/images/P/0451523415.01.THUMBZZZ.jpg;;;
451526279;Emma (Signet Classics (Paperback));Jane Austen;1996;http://images.amazon.com/images/P/0451526279.01.THUMBZZZ.jpg;;;
451526341;Animal Farm;George Orwell;2004;http://images.amazon.com/images/P/0451526341.01.THUMBZZZ.jpg;;;
486415864;Great Expectations (Dover Thrift Editions);Charles Dickens;2001;http://images.amazon.com/images/P/0486415864.01.THUMBZZZ.jpg;;;
553280589;Eva Luna;Isabel Allende;1989;http://images.amazon.com/images/P/0553280589.01.THUMBZZZ.jpg;;;
571197639;Poisonwood Bible Edition Uk;Barbara Kingsolver;0;http://images.amazon.com/images/P/0571197639.01.THUMBZZZ.jpg;;;
670035262;The Green Man : Tales from the Mythic Forest;Ellen Datlow;2002;http://images.amazon.com/images/P/0670035262.01.THUMBZZZ.jpg;;;
679423079;Nicholas Nickleby (Everyman's Library);Charles Dickens;1993;http://images.amazon.com/images/P/0679423079.01.THUMBZZZ.jpg;;;
679751343;"Angels &amp; Insects : Two Novellas";A.S. BYATT;1994;http://images.amazon.com/images/P/0679751343.01.THUMBZZZ.jpg;;;
684833395;Catch 22;Joseph Heller;1996;http://images.amazon.com/images/P/0684833395.01.THUMBZZZ.jpg;;;
743245024;The Forsyte Saga : The Man of Property and In Chancery;John Galsworthy;2002;http://images.amazon.com/images/P/0743245024.01.THUMBZZZ.jpg;;;
749748001;The Enchanted Wood;Enid Blyton;2002;http://images.amazon.com/images/P/0749748001.01.THUMBZZZ.jpg;;;
749748028;The Folk of the Faraway Tree;Enid Blyton;2002;http://images.amazon.com/images/P/0749748028.01.THUMBZZZ.jpg;;;
963094424;Angels and Visitations: A Miscellany;Neil Gaiman;1993;http://images.amazon.com/images/P/0963094424.01.THUMBZZZ.jpg;;;
1401201172;League of Extraordinary Gentlemen, Vol. 2 (Comic);Alan Moore;2003;http://images.amazon.com/images/P/1401201172.01.THUMBZZZ.jpg;;;
1563892278;Preludes and Nocturnes (Sandman, Book 1);Neil Gaiman;1998;http://images.amazon.com/images/P/1563892278.01.THUMBZZZ.jpg;;;
1563898586;The League of Extraordinary Gentlemen, Vol. 1;Alan Moore;2002;http://images.amazon.com/images/P/1563898586.01.THUMBZZZ.jpg;;;
156971620X;Harlequin Valentine;Neil Gaiman;2002;http://images.amazon.com/images/P/156971620X.01.THUMBZZZ.jpg;;;
1592571301;Alpha Teach Yourself American Sign Language in 24 Hours (Alpha Teach Yourself in 24 Hours);Trudy Suggs;2003;http://images.amazon.com/images/P/1592571301.01.THUMBZZZ.jpg;;;
374270325;A Man in Full;Tom Wolfe;1998;http://images.amazon.com/images/P/0374270325.01.THUMBZZZ.jpg;;;
375719180;The Miracle Life of Edgar Mint: A Novel;Brady Udall;2002;http://images.amazon.com/images/P/0375719180.01.THUMBZZZ.jpg;;;
440235502;October Sky: A Memoir;Homer Hickam;1999;http://images.amazon.com/images/P/0440235502.01.THUMBZZZ.jpg;;;
044023722X;A Painted House;John Grisham;2001;http://images.amazon.com/images/P/044023722X.01.THUMBZZZ.jpg;;;
1573225487;The Romance Reader;Pearl Abraham;1996;http://images.amazon.com/images/P/1573225487.01.THUMBZZZ.jpg;;;
1853260673;Far from the Madding Crowd (Wordsworth Classics);Thomas Hardy;1997;http://images.amazon.com/images/P/1853260673.01.THUMBZZZ.jpg;;;
60977477;The Perfect Storm : A True Story of Men Against the Sea;Sebastian Junger;1999;http://images.amazon.com/images/P/0060977477.01.THUMBZZZ.jpg;;;
345391691;The Battle for God;Karen Armstrong;2001;http://images.amazon.com/images/P/0345391691.01.THUMBZZZ.jpg;;;
520011171;Sappho: A New Translation;Mary Barnard;1958;http://images.amazon.com/images/P/0520011171.01.THUMBZZZ.jpg;;;
553278746;The Postman (Bantam Classics);David Brin;1990;http://images.amazon.com/images/P/0553278746.01.THUMBZZZ.jpg;;;
670856045;The Tortilla Curtain;T. Coraghessan Boyle;1995;http://images.amazon.com/images/P/0670856045.01.THUMBZZZ.jpg;;;
872200760;Symposium;Paul Woodruff;1989;http://images.amazon.com/images/P/0872200760.01.THUMBZZZ.jpg;;;
937858994;The What's Happening to My Body? Book for Boys: A Growing Up Guide for Parents and Sons;Lynda Madaras;1987;http://images.amazon.com/images/P/0937858994.01.THUMBZZZ.jpg;;;
671649949;OBJECT AFFECTION;Stephen McCauley;1988;http://images.amazon.com/images/P/0671649949.01.THUMBZZZ.jpg;;;
590431110;The Journey Home;Isabelle Holland;1993;http://images.amazon.com/images/P/0590431110.01.THUMBZZZ.jpg;;;
64470113;Taking the Ferry Home;Pam Conrad;1990;http://images.amazon.com/images/P/0064470113.01.THUMBZZZ.jpg;;;
553571486;Angel of Hope (Mercy Trilogy);Lurlene McDaniel;2000;http://images.amazon.com/images/P/0553571486.01.THUMBZZZ.jpg;;;
972044205;The Breach;Brian Kaufman;2002;http://images.amazon.com/images/P/0972044205.01.THUMBZZZ.jpg;;;
312963009;Neanderthal: A Novel;John Darnton;1997;http://images.amazon.com/images/P/0312963009.01.THUMBZZZ.jpg;;;
345430476;A Small Dark Place;Martin Schenk;1999;http://images.amazon.com/images/P/0345430476.01.THUMBZZZ.jpg;;;
345435869;The Rivan Codex : Ancient Texts of THE BELGARIAD and THE MALLOREON;DAVID EDDINGS;1999;http://images.amazon.com/images/P/0345435869.01.THUMBZZZ.jpg;;;
380728729;Babyhood;Paul Reiser;1998;http://images.amazon.com/images/P/0380728729.01.THUMBZZZ.jpg;;;
038081840X;Year's Best Fantasy (Year's Best Fantasy);David G. Hartwell;2001;http://images.amazon.com/images/P/038081840X.01.THUMBZZZ.jpg;;;
449912302;Dave Barry in Cyberspace;Dave Barry;1997;http://images.amazon.com/images/P/0449912302.01.THUMBZZZ.jpg;;;
055329198X;Wolf Moon;John R. Holt;1997;http://images.amazon.com/images/P/055329198X.01.THUMBZZZ.jpg;;;
671018930;The War in Heaven (Eternal Warriors);Theodore Beale;2000;http://images.amazon.com/images/P/0671018930.01.THUMBZZZ.jpg;;;
812541642;Waiting;Frank M. Robinson;2000;http://images.amazon.com/images/P/0812541642.01.THUMBZZZ.jpg;;;
312988699;Nowhere To Run;Mary Jane Clark;2004;http://images.amazon.com/images/P/0312988699.01.THUMBZZZ.jpg;;;
486282112;Frankenstein (Dover Thrift Editions);Mary Wollstonecraft Shelley;1994;http://images.amazon.com/images/P/0486282112.01.THUMBZZZ.jpg;;;
670815373;Urn Burial;Robert Westall;1987;http://images.amazon.com/images/P/0670815373.01.THUMBZZZ.jpg;;;
385313748;All Our Yesterdays (Large Print);Robert B. Parker;1994;http://images.amazon.com/images/P/0385313748.01.THUMBZZZ.jpg;;;
1575843366;What Shall I Be (Barbie Carryalong);Rita Chapman Works;1999;http://images.amazon.com/images/P/1575843366.01.THUMBZZZ.jpg;;;
684193957;ALL THAT REMAINS;Patricia Cornwell;1992;http://images.amazon.com/images/P/0684193957.01.THUMBZZZ.jpg;;;
345371984;Last Chance to See;Douglas Adams;1992;http://images.amazon.com/images/P/0345371984.01.THUMBZZZ.jpg;;;
380730138;Vinegar Hill (Oprah's Book Club (Paperback));A. Manette Ansay;1998;http://images.amazon.com/images/P/0380730138.01.THUMBZZZ.jpg;;;
1573228737;Affinity;Sarah Waters;2002;http://images.amazon.com/images/P/1573228737.01.THUMBZZZ.jpg;;;
9681500555;Diario de Ana Frank;Anne Frank;2000;http://images.amazon.com/images/P/9681500555.01.THUMBZZZ.jpg;;;
380711109;Desert Notes/River Notes;Barry Lopez;1990;http://images.amazon.com/images/P/0380711109.01.THUMBZZZ.jpg;;;
452283914;The Best Democracy Money Can Buy: The Truth About Corporate Cons, Globalization and High-Finance Fraudsters;Greg Palast;2003;http://images.amazon.com/images/P/0452283914.01.THUMBZZZ.jpg;;;
425120279;The Hunt for Red October;Tom Clancy;1990;http://images.amazon.com/images/P/0425120279.01.THUMBZZZ.jpg;;;
067153484X;The Music Box;Andrea Kane;1998;http://images.amazon.com/images/P/067153484X.01.THUMBZZZ.jpg;;;
380728273;Liberty Falling (Anna Pigeon Mysteries (Paperback));Nevada Barr;2000;http://images.amazon.com/images/P/0380728273.01.THUMBZZZ.jpg;;;
8433914545;El Palacio de La Luna;Paul Auster;1996;http://images.amazon.com/images/P/8433914545.01.THUMBZZZ.jpg;;;
8484509141;Mientras Escribo;Stephen King;2002;http://images.amazon.com/images/P/8484509141.01.THUMBZZZ.jpg;;;
446606197;Killer Market (Deborah Knott Mysteries (Paperback));Margaret Maron;1999;http://images.amazon.com/images/P/0446606197.01.THUMBZZZ.jpg;;;
771076002;Remembering Peter Gzowski : A Book of Tributes;EDNA BARKER;2002;http://images.amazon.com/images/P/0771076002.01.THUMBZZZ.jpg;;;
771088191;The Best Canadian Animal Stories: Classic Tales by Master Storytellers;Muriel Whitaker;1997;http://images.amazon.com/images/P/0771088191.01.THUMBZZZ.jpg;;;
1559703237;Trying to Save Piggy Sneed;John Irving;1996;http://images.amazon.com/images/P/1559703237.01.THUMBZZZ.jpg;;;
3596214629;Herr Der Fliegen (Fiction, Poetry and Drama);Golding;0;http://images.amazon.com/images/P/3596214629.01.THUMBZZZ.jpg;;;
62770500;Seattle Access;HarperReference;1993;http://images.amazon.com/images/P/0062770500.01.THUMBZZZ.jpg;;;
671847546;REAL GUIDE: CALIFORNIA AND THE WEST COAST (The Real guides);LTD;1993;http://images.amazon.com/images/P/0671847546.01.THUMBZZZ.jpg;;;
60188731;Bel Canto;Ann Patchett;2001;http://images.amazon.com/images/P/0060188731.01.THUMBZZZ.jpg;;;
140374248;James and the Giant Peach;Roald Dahl;2000;http://images.amazon.com/images/P/0140374248.01.THUMBZZZ.jpg;;;
142001740;The Secret Life of Bees;Sue Monk Kidd;2003;http://images.amazon.com/images/P/0142001740.01.THUMBZZZ.jpg;;;
195086295;What a Wonderful World: A Lifetime of Recordings;Bob Thiele;1995;http://images.amazon.com/images/P/0195086295.01.THUMBZZZ.jpg;;;
312995423;Digital Fortress : A Thriller;Dan Brown;2003;http://images.amazon.com/images/P/0312995423.01.THUMBZZZ.jpg;;;
380704587;The Ladies of Missalonghi;Colleen McCullough;1988;http://images.amazon.com/images/P/0380704587.01.THUMBZZZ.jpg;;;
380815923;Blackberry Wine : A Novel;Joanne Harris;2001;http://images.amazon.com/images/P/0380815923.01.THUMBZZZ.jpg;;;
385416342;The Firm;John Grisham;1991;http://images.amazon.com/images/P/0385416342.01.THUMBZZZ.jpg;;;
038542471X;The Client;John Grisham;1993;http://images.amazon.com/images/P/038542471X.01.THUMBZZZ.jpg;;;
425098109;Thieves of Light (Photon : the Ultimate Game on Planet Earth);Michael Hudson;1987;http://images.amazon.com/images/P/0425098109.01.THUMBZZZ.jpg;;;
449005410;Horse Heaven (Ballantine Reader's Circle);Jane Smiley;2001;http://images.amazon.com/images/P/0449005410.01.THUMBZZZ.jpg;;;
449202631;Danger;Dick Francis;1985;http://images.amazon.com/images/P/0449202631.01.THUMBZZZ.jpg;;;
449207544;Proof;Dick Francis;1990;http://images.amazon.com/images/P/0449207544.01.THUMBZZZ.jpg;;;
515128554;Heart of the Sea (Irish Trilogy);Nora Roberts;2000;http://images.amazon.com/images/P/0515128554.01.THUMBZZZ.jpg;;;
517577402;Mostly Harmless;Douglas Adams;1992;http://images.amazon.com/images/P/0517577402.01.THUMBZZZ.jpg;;;
590450875;I Spy: A Book of Picture Riddles;Jean Marzollo;1992;http://images.amazon.com/images/P/0590450875.01.THUMBZZZ.jpg;;;
590481371;I Spy Spooky Night: A Book of Picture Riddles (I Spy Books);Walter Wick;1996;http://images.amazon.com/images/P/0590481371.01.THUMBZZZ.jpg;;;
067103619X;Lake News;Barbara Delinsky;2000;http://images.amazon.com/images/P/067103619X.01.THUMBZZZ.jpg;;;
684177730;The SKULL BENEATH THE SKIN;P. D. James;1982;http://images.amazon.com/images/P/0684177730.01.THUMBZZZ.jpg;;;
684180200;NEW SHOE;Arthur William Upfield;1983;http://images.amazon.com/images/P/0684180200.01.THUMBZZZ.jpg;;;
743411269;An Accidental Woman;Barbara Delinsky;2003;http://images.amazon.com/images/P/0743411269.01.THUMBZZZ.jpg;;;
743470389;The Snow Garden;Christopher Rice;2004;http://images.amazon.com/images/P/0743470389.01.THUMBZZZ.jpg;;;
076218857X;The Doorbell Rang (The Best Mysteries of All Time);Rex Stout;2000;http://images.amazon.com/images/P/076218857X.01.THUMBZZZ.jpg;;;
767905938;A Year by the Sea: Thoughts of an Unfinished Woman;Joan Anderson;2000;http://images.amazon.com/images/P/0767905938.01.THUMBZZZ.jpg;;;
800706544;Though I walk through the valley;Vance Havner;1974;http://images.amazon.com/images/P/0800706544.01.THUMBZZZ.jpg;;;
801096677;Victorious Christians You Should Know;Warren W. Wiersbe;1984;http://images.amazon.com/images/P/0801096677.01.THUMBZZZ.jpg;;;
849953014;Life Lessons: Book Of Hebrews;Max Lucado;1997;http://images.amazon.com/images/P/0849953014.01.THUMBZZZ.jpg;;;
891091963;Inside out;Lawrence J Crabb;1988;http://images.amazon.com/images/P/0891091963.01.THUMBZZZ.jpg;;;
915811537;Son Rise: The Miracle Continues;Barry Neil Kaufman;1994;http://images.amazon.com/images/P/0915811537.01.THUMBZZZ.jpg;;;
927545373;Unveiled at Last;Bob Sjogren;1988;http://images.amazon.com/images/P/0927545373.01.THUMBZZZ.jpg;;;
1575024179;The Day I Almost Quit;Frederick J. Moody;1997;http://images.amazon.com/images/P/1575024179.01.THUMBZZZ.jpg;;;
1880185008;Serving As Senders: How to Care for Your Missionaries While They Are Preparing to Go, While They Are on the Field, When They Return Home;Neal Pirolo;1991;http://images.amazon.com/images/P/1880185008.01.THUMBZZZ.jpg;;;
140345809;House of Stairs;William Sleator;1991;http://images.amazon.com/images/P/0140345809.01.THUMBZZZ.jpg;;;
156528207;The Little Prince;Antoine de Saint-Exup?ry;1968;http://images.amazon.com/images/P/0156528207.01.THUMBZZZ.jpg;;;
380012863;Jonathan Livingston Seagull;Richard Bach;1976;http://images.amazon.com/images/P/0380012863.01.THUMBZZZ.jpg;;;
451154916;The Crystal Handbook;Kevin Sullivan;1996;http://images.amazon.com/images/P/0451154916.01.THUMBZZZ.jpg;;;
785815147;Simple Wicca (Simple Wisdom Book);Michele Morgan;2002;http://images.amazon.com/images/P/0785815147.01.THUMBZZZ.jpg;;;
875421288;"The Complete Book of Incense, Oils &amp; Brews (Llewellyn's Practical Magick)";Scott, Cunningham;1989;http://images.amazon.com/images/P/0875421288.01.THUMBZZZ.jpg;;;
156718796X;Astral Travel for Beginners (For Beginners);Richard Webster;1998;http://images.amazon.com/images/P/156718796X.01.THUMBZZZ.jpg;;;
1862047626;New Perspectives: Runes;Bernard King;2000;http://images.amazon.com/images/P/1862047626.01.THUMBZZZ.jpg;;;
20437501;Rosie'S Walk;Pat Hutchins;1971;http://images.amazon.com/images/P/0020437501.01.THUMBZZZ.jpg;;;
198320264;Julius Caesar (Oxford School Shakespeare);William Shakespeare;2001;http://images.amazon.com/images/P/0198320264.01.THUMBZZZ.jpg;;;
373196989;Santa Brought A Son : Marrying The Boss's Daughter (Silhouette Romance, 1698);Melissa McClone;2003;http://images.amazon.com/images/P/0373196989.01.THUMBZZZ.jpg;;;
373245580;Marry Me ... Again   Montana Mavericks (Silhouette Special Edition, 1558);Cheryl St. John;2003;http://images.amazon.com/images/P/0373245580.01.THUMBZZZ.jpg;;;
451527747;Alice's Adventures in Wonderland and Through the Looking Glass;Lewis Carroll;2000;http://images.amazon.com/images/P/0451527747.01.THUMBZZZ.jpg;;;
671867113;Moonlight Becomes You;Mary Higgins Clark;1997;http://images.amazon.com/images/P/0671867113.01.THUMBZZZ.jpg;;;
812504208;The Adventures of Tom Sawyer;Mark Twain;1989;http://images.amazon.com/images/P/0812504208.01.THUMBZZZ.jpg;;;
60173289;Divine Secrets of the Ya-Ya Sisterhood : A Novel;Rebecca Wells;1996;http://images.amazon.com/images/P/0060173289.01.THUMBZZZ.jpg;;;
60973897;Lakota Woman;Dog Mary Crow;1991;http://images.amazon.com/images/P/0060973897.01.THUMBZZZ.jpg;;;
006101351X;The Perfect Storm : A True Story of Men Against the Sea;Sebastian Junger;1998;http://images.amazon.com/images/P/006101351X.01.THUMBZZZ.jpg;;;
140104682;Heroes of Their Own Lives: The Politics and History of Family Violence, Boston 1880-1960;Linda Gordon;1989;http://images.amazon.com/images/P/0140104682.01.THUMBZZZ.jpg;;;
312143370;The Florence King Reader;Florence King;1996;http://images.amazon.com/images/P/0312143370.01.THUMBZZZ.jpg;;;
316666343;The Lovely Bones: A Novel;Alice Sebold;2002;http://images.amazon.com/images/P/0316666343.01.THUMBZZZ.jpg;;;
039456894X;Impossible Vacation;Spalding Gray;1992;http://images.amazon.com/images/P/039456894X.01.THUMBZZZ.jpg;;;
440224675;Hannibal;Thomas Harris;2000;http://images.amazon.com/images/P/0440224675.01.THUMBZZZ.jpg;;;
449002632;London : The Novel;EDWARD RUTHERFURD;1998;http://images.amazon.com/images/P/0449002632.01.THUMBZZZ.jpg;;;
449213773;Life Before Man;Margaret Atwood;1990;http://images.amazon.com/images/P/0449213773.01.THUMBZZZ.jpg;;;
452279690;Cavedweller;Dorothy Allison;1999;http://images.amazon.com/images/P/0452279690.01.THUMBZZZ.jpg;;;
553569058;The Robber Bride;Margaret Atwood;1995;http://images.amazon.com/images/P/0553569058.01.THUMBZZZ.jpg;;;
679427430;Wouldn't Take Nothing for My Journey Now;MAYA ANGELOU;1993;http://images.amazon.com/images/P/0679427430.01.THUMBZZZ.jpg;;;
679725393;The House of Mirth (Library of America);Edith Wharton;1990;http://images.amazon.com/images/P/0679725393.01.THUMBZZZ.jpg;;;
802114369;Ohitika Woman;Mary Brave Bird;1993;http://images.amazon.com/images/P/0802114369.01.THUMBZZZ.jpg;;;
803233019;Black Elk Speaks: Being the Life Story of a Holy Man of the Oglala Sioux;John G. Neihardt;1988;http://images.amazon.com/images/P/0803233019.01.THUMBZZZ.jpg;;;
819154946;The Community in America;Roland Warren;1987;http://images.amazon.com/images/P/0819154946.01.THUMBZZZ.jpg;;;
940322978;Mawrdew Czgowchwz (New York Review Books Classics);James McCourt;2002;http://images.amazon.com/images/P/0940322978.01.THUMBZZZ.jpg;;;
1573225126;Prozac Nation: Young and Depressed in America : A Memoir;Elizabeth Wurtzel;1997;http://images.amazon.com/images/P/1573225126.01.THUMBZZZ.jpg;;;
1579651658;The Journey From Here;Bill Bradley;2000;http://images.amazon.com/images/P/1579651658.01.THUMBZZZ.jpg;;;
1878424319;The Four Agreements: A Practical Guide to Personal Freedom;Don Miguel Ruiz;1997;http://images.amazon.com/images/P/1878424319.01.THUMBZZZ.jpg;;;
600586898;Blur (Melody Maker);Paul Lester;1995;http://images.amazon.com/images/P/0600586898.01.THUMBZZZ.jpg;;;
1853260622;War and Peace (Wordsworth Classics);Leo Tolstoy;1997;http://images.amazon.com/images/P/1853260622.01.THUMBZZZ.jpg;;;
1857938011;A-Z of Behaving Badly;Simon Nye;1996;http://images.amazon.com/images/P/1857938011.01.THUMBZZZ.jpg;;;
60804157;He Understanding Masculine Psychology;Robert A Johnson;1977;http://images.amazon.com/images/P/0060804157.01.THUMBZZZ.jpg;;;
8466601090;Las DOS Muertes De Gardel (Ficcionario);Horacio Vazquez-Rial;2002;http://images.amazon.com/images/P/8466601090.01.THUMBZZZ.jpg;;;
140382658;You Can Surf the Net: Your Guide to the World of the Internet;Marc Gascoigne;1996;http://images.amazon.com/images/P/0140382658.01.THUMBZZZ.jpg;;;
152012966;I Want to Be...a Veterinarian (I Want to Be... Series);Stephanie Maze;1997;http://images.amazon.com/images/P/0152012966.01.THUMBZZZ.jpg;;;
312283784;Alice's Tulips;Sandra Dallas;2001;http://images.amazon.com/images/P/0312283784.01.THUMBZZZ.jpg;;;
345297709;Centaur Aisle;Piers Anthony;1982;http://images.amazon.com/images/P/0345297709.01.THUMBZZZ.jpg;;;
345313097;Crewel Lye;Piers Anthony;1985;http://images.amazon.com/images/P/0345313097.01.THUMBZZZ.jpg;;;
345335465;Dragonflight (Dragonriders of Pern Trilogy (Paperback));Anne McCaffrey;1991;http://images.amazon.com/images/P/0345335465.01.THUMBZZZ.jpg;;;
345416848;Last Sword of Power (Stones of Power);David Gemmell;1997;http://images.amazon.com/images/P/0345416848.01.THUMBZZZ.jpg;;;
385333404;Dating Big Bird;Laura Zigman;2000;http://images.amazon.com/images/P/0385333404.01.THUMBZZZ.jpg;;;
044021145X;The Firm;John Grisham;1992;http://images.amazon.com/images/P/044021145X.01.THUMBZZZ.jpg;;;
449212084;Murder at the Kennedy Center (Capital Crime Mysteries);Margaret Truman;1990;http://images.amazon.com/images/P/0449212084.01.THUMBZZZ.jpg;;;
553582682;Guinness World Records 2000 (Guinness Book of Records, 2000);Nic Kynaston;2000;http://images.amazon.com/images/P/0553582682.01.THUMBZZZ.jpg;;;
590947257;Forever Amber Brown (Amber Brown (Paperback));Paula Danziger;1997;http://images.amazon.com/images/P/0590947257.01.THUMBZZZ.jpg;;;
074345829X;Philip Jose Farmer's The Dungeon;Richard A. Lupoff;2003;http://images.amazon.com/images/P/074345829X.01.THUMBZZZ.jpg;;;
786913878;Pool of Radiance: The Ruins of Myth Drannor (Forgotten Realms);Carrie Bebris;2001;http://images.amazon.com/images/P/0786913878.01.THUMBZZZ.jpg;;;
801491827;Feminism and Suffrage: The Emergence of an Independent Women's Movement in America, 1848-1869;Ellen Carol Dubois;1980;http://images.amazon.com/images/P/0801491827.01.THUMBZZZ.jpg;;;
816729913;Why Are Boys So Weird (Tales from Third Grade);Candice F. Ransom;1993;http://images.amazon.com/images/P/0816729913.01.THUMBZZZ.jpg;;;
843136685;"Sheldon &amp; Mrs. Levine: An Excruciating Correspondence";Sam Bobrick;1994;http://images.amazon.com/images/P/0843136685.01.THUMBZZZ.jpg;;;
866119531;Black Beauty (Great Illustrated Classics (Playmore));Anna Sewell;2000;http://images.amazon.com/images/P/0866119531.01.THUMBZZZ.jpg;;;
866119566;Oliver Twist (Great Illustrated Classics);Charles Dickens;1989;http://images.amazon.com/images/P/0866119566.01.THUMBZZZ.jpg;;;
870441663;The wild ponies of Assateague Island (Books for young explorers);Donna K Grosvenor;1975;http://images.amazon.com/images/P/0870441663.01.THUMBZZZ.jpg;;;
1561561428;Frankenstein (Illustrated Classics Series);Mary Wollstonecraft Shelley;1992;http://images.amazon.com/images/P/1561561428.01.THUMBZZZ.jpg;;;
553210092;The Scarlet Letter;NATHANIEL HAWTHORNE;1965;http://images.amazon.com/images/P/0553210092.01.THUMBZZZ.jpg;;;
553258524;Dragonsong (Harper Hall Trilogy);Anne McCaffrey;1977;http://images.amazon.com/images/P/0553258524.01.THUMBZZZ.jpg;;;
688163726;The Watch House;Robert Westall;1998;http://images.amazon.com/images/P/0688163726.01.THUMBZZZ.jpg;;;
1569471096;Was It Something I Said?;Valerie Block;1998;http://images.amazon.com/images/P/1569471096.01.THUMBZZZ.jpg;;;
055358099X;Cloud Nine;Luanne Rice;2000;http://images.amazon.com/images/P/055358099X.01.THUMBZZZ.jpg;;;
316168815;The Lovely Bones;Alice Sebold;2004;http://images.amazon.com/images/P/0316168815.01.THUMBZZZ.jpg;;;
014023828X;The Tortilla Curtain;T. Coraghessan Boyle;1996;http://images.amazon.com/images/P/014023828X.01.THUMBZZZ.jpg;;;
316314927;Sarah Conley;Ellen Gilchrist;1998;http://images.amazon.com/images/P/0316314927.01.THUMBZZZ.jpg;;;
345424719;A Widow for One Year;JOHN IRVING;1999;http://images.amazon.com/images/P/0345424719.01.THUMBZZZ.jpg;;;
375414746;The Clearing;TIM GAUTREAUX;2003;http://images.amazon.com/images/P/0375414746.01.THUMBZZZ.jpg;;;
375726403;Empire Falls;Richard Russo;2002;http://images.amazon.com/images/P/0375726403.01.THUMBZZZ.jpg;;;
385503857;Oryx and Crake;Margaret Atwood;2003;http://images.amazon.com/images/P/0385503857.01.THUMBZZZ.jpg;;;
425156842;Sophie's World: A Novel About the History of Philosophy (Berkeley Signature Edition);Jostein Gaarder;1997;http://images.amazon.com/images/P/0425156842.01.THUMBZZZ.jpg;;;
440226104;Black and Blue;ANNA QUINDLEN;1999;http://images.amazon.com/images/P/0440226104.01.THUMBZZZ.jpg;;;
452277337;Le Divorce (William Abrahams Book);Diane Johnson;1997;http://images.amazon.com/images/P/0452277337.01.THUMBZZZ.jpg;;;
553802488;The Face;DEAN KOONTZ;2003;http://images.amazon.com/images/P/0553802488.01.THUMBZZZ.jpg;;;
671021001;She's Come Undone (Oprah's Book Club);Wally Lamb;1998;http://images.amazon.com/images/P/0671021001.01.THUMBZZZ.jpg;;;
767903579;Falling Leaves: The True Story of an Unwanted Chinese Daughter;Adeline Yen Mah;1999;http://images.amazon.com/images/P/0767903579.01.THUMBZZZ.jpg;;;
805063897;Nickel and Dimed: On (Not) Getting By in America;Barbara Ehrenreich;2002;http://images.amazon.com/images/P/0805063897.01.THUMBZZZ.jpg;;;
679777431;The Game of Kings (Lymond Chronicles, 1);DOROTHY DUNNETT;1997;http://images.amazon.com/images/P/0679777431.01.THUMBZZZ.jpg;;;
553285343;RUSSIA HOUSE, THE;JOHN LE CARRE;1990;http://images.amazon.com/images/P/0553285343.01.THUMBZZZ.jpg;;;
486285529;Solv-A-Crime Puzzles (Dover Game and Puzzle Activity Books);A. C. Gordon;1995;http://images.amazon.com/images/P/0486285529.01.THUMBZZZ.jpg;;;
671002481;The First Wives Club Movie Tie In;Olivia Goldsmith;1996;http://images.amazon.com/images/P/0671002481.01.THUMBZZZ.jpg;;;
812523385;Selected Poems of Emily Dickinson;Emily Dickinson;1995;http://images.amazon.com/images/P/0812523385.01.THUMBZZZ.jpg;;;
895774666;Watercolor School (Reader's Digest Learn-As-You-Go Guides);Hazel Harrison;1993;http://images.amazon.com/images/P/0895774666.01.THUMBZZZ.jpg;;;
20199090;Joshua In the Holy Land;Joseph Girzone;1993;http://images.amazon.com/images/P/0020199090.01.THUMBZZZ.jpg;;;
385495145;The Messenger;JOSEPH GIRZONE;2002;http://images.amazon.com/images/P/0385495145.01.THUMBZZZ.jpg;;;
679733825;Sisters of the Earth: Women's Prose and Poetry About Nature;Lorraine Anderson;1991;http://images.amazon.com/images/P/0679733825.01.THUMBZZZ.jpg;;;
842329129;Left Behind: A Novel of the Earth's Last Days (Left Behind No. 1);Tim Lahaye;1996;http://images.amazon.com/images/P/0842329129.01.THUMBZZZ.jpg;;;
345451260;Househusband;AD HUDLER;2002;http://images.amazon.com/images/P/0345451260.01.THUMBZZZ.jpg;;;
740700235;Life Messages: Inspiration For The Woman's Spirit;Josephine Carlton;2002;http://images.amazon.com/images/P/0740700235.01.THUMBZZZ.jpg;;;
380973545;Letters from a Nut;Ted L. Nancy;1999;http://images.amazon.com/images/P/0380973545.01.THUMBZZZ.jpg;;;
393321576;Karl Marx: A Life;Francis Wheen;2001;http://images.amazon.com/images/P/0393321576.01.THUMBZZZ.jpg;;;
743424425;The Shining;Stephen King;2001;http://images.amazon.com/images/P/0743424425.01.THUMBZZZ.jpg;;;
786868015;The Diary of Ellen Rimbauer: My Life at Rose Red;Joyce Reardon;2001;http://images.amazon.com/images/P/0786868015.01.THUMBZZZ.jpg;;;
446610178;The Sky Is Falling;Sidney Sheldon;2001;http://images.amazon.com/images/P/0446610178.01.THUMBZZZ.jpg;;;
684854953;Santa Pete : A Novel Of Christmas Present And Past;Christopher Moore;1998;http://images.amazon.com/images/P/0684854953.01.THUMBZZZ.jpg;;;
743229878;Mount Vernon Love Story : A Novel of George and Martha Washington;Mary Higgins Clark;2002;http://images.amazon.com/images/P/0743229878.01.THUMBZZZ.jpg;;;
380617625;The Kingdom: Arabia and the House of Sa'Ud;Robert Lacey;1983;http://images.amazon.com/images/P/0380617625.01.THUMBZZZ.jpg;;;
380732335;Florida Road Kill: A Novel;Tim Dorsey;2000;http://images.amazon.com/images/P/0380732335.01.THUMBZZZ.jpg;;;
385337132;The 37th Hour;JODI COMPTON;2003;http://images.amazon.com/images/P/0385337132.01.THUMBZZZ.jpg;;;
440235057;Be Cool;Elmore Leonard;2000;http://images.amazon.com/images/P/0440235057.01.THUMBZZZ.jpg;;;
445402040;The Hunted;Elmore Leonard;1986;http://images.amazon.com/images/P/0445402040.01.THUMBZZZ.jpg;;;
618119760;The Saints of Big Harbour: A Novel;Lynn Coady;2002;http://images.amazon.com/images/P/0618119760.01.THUMBZZZ.jpg;;;
871138646;Old Flames;John Lawton;2003;http://images.amazon.com/images/P/0871138646.01.THUMBZZZ.jpg;;;
26329859;From the Earth: Chinese Vegetarian Cooking;Eileen Yin-Fei Lo;1995;http://images.amazon.com/images/P/0026329859.01.THUMBZZZ.jpg;;;
60621257;Living in the Presence: Disciplines for the Spiritual Heart;Tilden H. Edwards;1988;http://images.amazon.com/images/P/0060621257.01.THUMBZZZ.jpg;;;
60915544;The Bean Trees;Barbara Kingsolver;1989;http://images.amazon.com/images/P/0060915544.01.THUMBZZZ.jpg;;;
60917016;Homeland and Other Stories;Barbara Kingsolver;1990;http://images.amazon.com/images/P/0060917016.01.THUMBZZZ.jpg;;;
60925000;A Suitable Boy : Novel, A;Vikram Seth;1994;http://images.amazon.com/images/P/0060925000.01.THUMBZZZ.jpg;;;
60932759;Daughter of Fortune;Isabel Allende;2000;http://images.amazon.com/images/P/0060932759.01.THUMBZZZ.jpg;;;
61000280;The Fly on the Wall;Tony Hillerman;1990;http://images.amazon.com/images/P/0061000280.01.THUMBZZZ.jpg;;;
192815318;Cranford (The World's Classics);Elizabeth Gaskell;1982;http://images.amazon.com/images/P/0192815318.01.THUMBZZZ.jpg;;;
312195516;The Red Tent (Bestselling Backlist);Anita Diamant;1998;http://images.amazon.com/images/P/0312195516.01.THUMBZZZ.jpg;;;
380792664;The Right Hand of Amon;Lauren Haney;1997;http://images.amazon.com/images/P/0380792664.01.THUMBZZZ.jpg;;;
393048977;Last Blue: Poems;Gerald Stern;2000;http://images.amazon.com/images/P/0393048977.01.THUMBZZZ.jpg;;;
399137807;The Cat Who Wasn't There;Lilian Jackson Braun;1992;http://images.amazon.com/images/P/0399137807.01.THUMBZZZ.jpg;;;
039914739X;Isle of Dogs;Patricia Daniels Cornwell;2001;http://images.amazon.com/images/P/039914739X.01.THUMBZZZ.jpg;;;
451203046;Light a Penny Candle;Maeve Binchy;2001;http://images.amazon.com/images/P/0451203046.01.THUMBZZZ.jpg;;;
451410556;The Blue Last: A Richard Jury Mystery (Richard Jury Mysteries (Paperback));Martha Grimes;2002;http://images.amazon.com/images/P/0451410556.01.THUMBZZZ.jpg;;;
451523318;Turn of the Screw and Short N;Henry James;1978;http://images.amazon.com/images/P/0451523318.01.THUMBZZZ.jpg;;;
486281965;The Country of the Pointed Firs (Dover Thrift Editions);Sarah Orne Jewett;1994;http://images.amazon.com/images/P/0486281965.01.THUMBZZZ.jpg;;;
486292940;Early Poems (Dover Thrift Editions);William Carlos Williams;1997;http://images.amazon.com/images/P/0486292940.01.THUMBZZZ.jpg;;;
051762639X;Barchester Towers (Oxford Pocket Classics);Anthony Trollope;1986;http://images.amazon.com/images/P/051762639X.01.THUMBZZZ.jpg;;;
684824442;REEF;Edith Wharton;1996;http://images.amazon.com/images/P/0684824442.01.THUMBZZZ.jpg;;;
743458303;Wednesday the Rabbi Got Wet;Harry Kemelman;2003;http://images.amazon.com/images/P/0743458303.01.THUMBZZZ.jpg;;;
081296666X;Things My Girlfriend and I Have Argued About: A Novel;Mil Millington;2003;http://images.amazon.com/images/P/081296666X.01.THUMBZZZ.jpg;;;
819215635;Listening Hearts: Discerning Call in Community;Suzanne G. Farnham;1991;http://images.amazon.com/images/P/0819215635.01.THUMBZZZ.jpg;;;
880011025;Unattainable Earth;Czeslaw Milosz;1987;http://images.amazon.com/images/P/0880011025.01.THUMBZZZ.jpg;;;
1561011525;The Practice of Prayer (New Church's Teaching Series, Vol 4);Margaret Guenther;1998;http://images.amazon.com/images/P/1561011525.01.THUMBZZZ.jpg;;;
1877727083;Vertical Poetry: Recent Poems;Roberto Juarroz;1992;http://images.amazon.com/images/P/1877727083.01.THUMBZZZ.jpg;;;
486206173;Rubinstein's Chess Masterpieces;Akiba Rubinstein;1941;http://images.amazon.com/images/P/0486206173.01.THUMBZZZ.jpg;;;
312278586;The Nanny Diaries: A Novel;Emma McLaughlin;2002;http://images.amazon.com/images/P/0312278586.01.THUMBZZZ.jpg;;;
8845229041;Biblioteca Universale Rizzoli: Sulla Sponda Del Fiume Piedra;P Coelho;0;http://images.amazon.com/images/P/8845229041.01.THUMBZZZ.jpg;;;
887641486X;I Giorni Dell'abbandono;Elena Ferrante;2002;http://images.amazon.com/images/P/887641486X.01.THUMBZZZ.jpg;;;
140370900;The Gizmo;Paul Jennings;1995;http://images.amazon.com/images/P/0140370900.01.THUMBZZZ.jpg;;;
674511255;The Last Best Hope of Earth: Abraham Lincoln and the Promise of America;Mark E., Jr. Neely;1993;http://images.amazon.com/images/P/0674511255.01.THUMBZZZ.jpg;;;
30096189;Organic Chemistry (Saunders Golden Sunburst Series);Stephen J. Weininger;1994;http://images.amazon.com/images/P/0030096189.01.THUMBZZZ.jpg;;;
312965745;Secrets of St. John's Wort: A Lynn Sonberg Book;Larry Katzenstein;1998;http://images.amazon.com/images/P/0312965745.01.THUMBZZZ.jpg;;;
345374657;Diet for a Poisoned Planet: How to Choose Safe Foods for You and Your Family;David Steinman;1992;http://images.amazon.com/images/P/0345374657.01.THUMBZZZ.jpg;;;
395710901;Punished by Rewards: The Trouble With Gold Stars, Incentive Plans, A'S, Praise, and Other Bribes;Alfie Kohn;1995;http://images.amazon.com/images/P/0395710901.01.THUMBZZZ.jpg;;;
080521061X;Montessori Today: A Comprehensive Approach to Education from Birth to Adulthood;Paula Polk Lillard;1996;http://images.amazon.com/images/P/080521061X.01.THUMBZZZ.jpg;;;
823032612;Oil Painting Techniques (Artist's Painting Library);David Lewis;1983;http://images.amazon.com/images/P/0823032612.01.THUMBZZZ.jpg;;;
679310002;Going down swinging;Billie Livingston;1999;http://images.amazon.com/images/P/0679310002.01.THUMBZZZ.jpg;;;
312288115;Confessions of a Sociopathic Social Climber : The Katya Livingston Chronicles (Katya Livingston Chronicles (Hardcover));Adele Lang;2002;http://images.amazon.com/images/P/0312288115.01.THUMBZZZ.jpg;;;
316171107;Like a Hole in the Head;Jen Banbury;1998;http://images.amazon.com/images/P/0316171107.01.THUMBZZZ.jpg;;;
380710218;Postmortem;Patricia Daniels Cornwell;1993;http://images.amazon.com/images/P/0380710218.01.THUMBZZZ.jpg;;;
515118656;The Cove;Catherine Coulter;1996;http://images.amazon.com/images/P/0515118656.01.THUMBZZZ.jpg;;;
553289063;An Inconvenient Woman;Dominick Dunne;1991;http://images.amazon.com/images/P/0553289063.01.THUMBZZZ.jpg;;;
671000306;Shock Wave (Dirk Pitt Adventures (Paperback));Clive Cussler;1996;http://images.amazon.com/images/P/0671000306.01.THUMBZZZ.jpg;;;
671673688;While My Pretty One Sleeps;Mary Higgins Clark;1990;http://images.amazon.com/images/P/0671673688.01.THUMBZZZ.jpg;;;
1561672033;Antipodes 10;John Pascal;1995;http://images.amazon.com/images/P/1561672033.01.THUMBZZZ.jpg;;;
425178242;Kick Ass: Selected Columns of Carl Hiaasen;Carl Hiaasen;2001;http://images.amazon.com/images/P/0425178242.01.THUMBZZZ.jpg;;;
618173870;Everything Is Illuminated: A Novel;Jonathan Safran Foer;2002;http://images.amazon.com/images/P/0618173870.01.THUMBZZZ.jpg;;;
156027321;Life of Pi;Yann Martel;2003;http://images.amazon.com/images/P/0156027321.01.THUMBZZZ.jpg;;;
375403582;Rules of the Wild;Francesca Marciano;1998;http://images.amazon.com/images/P/0375403582.01.THUMBZZZ.jpg;;;
385721420;Three Junes;JULIA GLASS;2003;http://images.amazon.com/images/P/0385721420.01.THUMBZZZ.jpg;;;
451202341;Back Roads;Tawni O'Dell;2001;http://images.amazon.com/images/P/0451202341.01.THUMBZZZ.jpg;;;
743418190;In Her Shoes : A Novel;Jennifer Weiner;2002;http://images.amazon.com/images/P/0743418190.01.THUMBZZZ.jpg;;;
385335407;The Kiss;Danielle Steel;2001;http://images.amazon.com/images/P/0385335407.01.THUMBZZZ.jpg;;;
965746828;Home Spun: A Collection;Leon Hale;1997;http://images.amazon.com/images/P/0965746828.01.THUMBZZZ.jpg;;;
60923245;Sweet Hereafter Movie Tie-In : A Novel;Russell Banks;1992;http://images.amazon.com/images/P/0060923245.01.THUMBZZZ.jpg;;;
486272664;The Rime of the Ancient Mariner and Other Poems;Samuel Taylor Coleridge;1992;http://images.amazon.com/images/P/0486272664.01.THUMBZZZ.jpg;;;
786015276;11th Hour;Bradley Warshauer;2003;http://images.amazon.com/images/P/0786015276.01.THUMBZZZ.jpg;;;
60913509;In Country RI;Bobbie Ann Mason;1986;http://images.amazon.com/images/P/0060913509.01.THUMBZZZ.jpg;;;
553272837;Brazen Virtue;Nora Roberts;1996;http://images.amazon.com/images/P/0553272837.01.THUMBZZZ.jpg;;;
440225078;Ghost Moon;Karen Robards;2001;http://images.amazon.com/images/P/0440225078.01.THUMBZZZ.jpg;;;
312145543;Brewing Up a Storm: A John Thatcher Mystery;Emma Lathen;1996;http://images.amazon.com/images/P/0312145543.01.THUMBZZZ.jpg;;;
425181111;Strangers;Dean R. Koontz;2002;http://images.amazon.com/images/P/0425181111.01.THUMBZZZ.jpg;;;
380732688;Milk and Honey (Peter Decker/Rina Lazarus Novels);Faye Kellerman;2002;http://images.amazon.com/images/P/0380732688.01.THUMBZZZ.jpg;;;
140286276;The Deep End of the Ocean (Oprah's Book Club);Jacquelyn Mitchard;1999;http://images.amazon.com/images/P/0140286276.01.THUMBZZZ.jpg;;;
373484100;Night Tales;Nora Roberts;2000;http://images.amazon.com/images/P/0373484100.01.THUMBZZZ.jpg;;;
449907481;A Thousand Acres (Ballantine Reader's Circle);JANE SMILEY;1992;http://images.amazon.com/images/P/0449907481.01.THUMBZZZ.jpg;;;
553107305;Chopping Spree;DIANE MOTT DAVIDSON;2002;http://images.amazon.com/images/P/0553107305.01.THUMBZZZ.jpg;;;
080213825X;Four Blondes;Candace Bushnell;2001;http://images.amazon.com/images/P/080213825X.01.THUMBZZZ.jpg;;;
515127833;River's End;Nora Roberts;2003;http://images.amazon.com/images/P/0515127833.01.THUMBZZZ.jpg;;;
345441133;Summer Island;KRISTIN HANNAH;2002;http://images.amazon.com/images/P/0345441133.01.THUMBZZZ.jpg;;;
515134279;The Straw Men;Michael Marshall;2002;http://images.amazon.com/images/P/0515134279.01.THUMBZZZ.jpg;;;
945586051;The Doctor the Patient: The Personal Journey of a Physician With Cancer;Allen Widome;1989;http://images.amazon.com/images/P/0945586051.01.THUMBZZZ.jpg;;;
385490992;The Street Lawyer;John Grisham;1998;http://images.amazon.com/images/P/0385490992.01.THUMBZZZ.jpg;;;
385424728;The Chamber;John Grisham;1994;http://images.amazon.com/images/P/0385424728.01.THUMBZZZ.jpg;;;
312980388;Warlock : A Novel of Ancient Egypt;Wilbur Smith;2002;http://images.amazon.com/images/P/0312980388.01.THUMBZZZ.jpg;;;
590419625;The Teacher from the Black Lagoon;Mike Thaler;1989;http://images.amazon.com/images/P/0590419625.01.THUMBZZZ.jpg;;;
385472951;The Partner;John Grisham;1997;http://images.amazon.com/images/P/0385472951.01.THUMBZZZ.jpg;;;
451195663;Primal Scream;Michael Slade;1998;http://images.amazon.com/images/P/0451195663.01.THUMBZZZ.jpg;;;
425182878;Chosen Prey;John Sandford;2004;http://images.amazon.com/images/P/0425182878.01.THUMBZZZ.jpg;;;
553564528;Guilty as Sin;TAMI HOAG;1997;http://images.amazon.com/images/P/0553564528.01.THUMBZZZ.jpg;;;
055356451X;Night Sins;TAMI HOAG;1995;http://images.amazon.com/images/P/055356451X.01.THUMBZZZ.jpg;;;
743412621;The Second Time Around : A Novel;Mary Higgins Clark;2004;http://images.amazon.com/images/P/0743412621.01.THUMBZZZ.jpg;;;
849943728;Three;Ted Dekker;2003;http://images.amazon.com/images/P/0849943728.01.THUMBZZZ.jpg;;;
849943450;The Canopy;Angela Elwell Hunt;2003;http://images.amazon.com/images/P/0849943450.01.THUMBZZZ.jpg;;;
084994371X;Blink;Ted Dekker;2003;http://images.amazon.com/images/P/084994371X.01.THUMBZZZ.jpg;;;
590406019;Last Battle;C. S. Lewis;1988;http://images.amazon.com/images/P/0590406019.01.THUMBZZZ.jpg;;;
20442408;Prince Caspian;C. S. Lewis;1970;http://images.amazon.com/images/P/0020442408.01.THUMBZZZ.jpg;;;
553225987;Robert's Rules of Order;William Eisner;1986;http://images.amazon.com/images/P/0553225987.01.THUMBZZZ.jpg;;;
042517736X;Abduction;Robin Cook;2000;http://images.amazon.com/images/P/042517736X.01.THUMBZZZ.jpg;;;
671868713;And Never Let Her Go : Thomas Capano: The Deadly Seducer;Ann Rule;2000;http://images.amazon.com/images/P/0671868713.01.THUMBZZZ.jpg;;;
038549825X;Not a Day Goes By : A Novel;E. LYNN HARRIS;2001;http://images.amazon.com/images/P/038549825X.01.THUMBZZZ.jpg;;;
553202294;Sun Signs;Linda Goodman;1981;http://images.amazon.com/images/P/0553202294.01.THUMBZZZ.jpg;;;
345313860;The Vampire Lestat (Vampire Chronicles, Book II);ANNE RICE;1986;http://images.amazon.com/images/P/0345313860.01.THUMBZZZ.jpg;;;
345369947;The Mummy or Ramses the Damned;Anne Rice;1991;http://images.amazon.com/images/P/0345369947.01.THUMBZZZ.jpg;;;
067170124X;HIS LITTLE WOMEN : HIS LITTLE WOMEN;Judith Rossner;1991;http://images.amazon.com/images/P/067170124X.01.THUMBZZZ.jpg;;;
345353625;Her Mother's Daughter;Marilyn French;1990;http://images.amazon.com/images/P/0345353625.01.THUMBZZZ.jpg;;;
308102282;Your Erroneous Zones;Wayne W. Dyer;1976;http://images.amazon.com/images/P/0308102282.01.THUMBZZZ.jpg;;;
006017143X;The Night Listener;Armistead Maupin;2000;http://images.amazon.com/images/P/006017143X.01.THUMBZZZ.jpg;;;
805056491;Organizing from the Inside Out;Julie Morgenstern;1998;http://images.amazon.com/images/P/0805056491.01.THUMBZZZ.jpg;;;
679401377;The Hellfire Club;Peter Straub;1996;http://images.amazon.com/images/P/0679401377.01.THUMBZZZ.jpg;;;
1562827049;The Diary of Jack the Ripper/the Discovery, the Investigation, the Debate;Jack;1993;http://images.amazon.com/images/P/1562827049.01.THUMBZZZ.jpg;;;
385306032;Vanished;Danielle Steel;1993;http://images.amazon.com/images/P/0385306032.01.THUMBZZZ.jpg;;;
816152446;The Women in His Life (G K Hall Large Print Book Series);Barbara Taylor Bradford;1991;http://images.amazon.com/images/P/0816152446.01.THUMBZZZ.jpg;;;
821772953;The Morning After;Lisa Jackson;2004;http://images.amazon.com/images/P/0821772953.01.THUMBZZZ.jpg;;;
345379454;Missing Susan;SHARYN MCCRUMB;1992;http://images.amazon.com/images/P/0345379454.01.THUMBZZZ.jpg;;;
553576925;Hiding in the Shadows (Shadows Trilogy (Paperback));Kay Hooper;2000;http://images.amazon.com/images/P/0553576925.01.THUMBZZZ.jpg;;;
743206053;Kitchen Privileges : A Memoir;Mary Higgins Clark;2002;http://images.amazon.com/images/P/0743206053.01.THUMBZZZ.jpg;;;
688169678;We Are Our Mothers' Daughters;Cokie Roberts;2000;http://images.amazon.com/images/P/0688169678.01.THUMBZZZ.jpg;;;
439319552;Horus's Horrible Day (First Graders from Mars);Shana Corey;2001;http://images.amazon.com/images/P/0439319552.01.THUMBZZZ.jpg;;;
590870157;My Garden (Beginning Literacy);Jesse S. Ostrow;1994;http://images.amazon.com/images/P/0590870157.01.THUMBZZZ.jpg;;;
307001164;101 Dalmatians;Justine Korman;1996;http://images.amazon.com/images/P/0307001164.01.THUMBZZZ.jpg;;;
440441501;In the Dinosaur's Paw (Kids of the Polk Street School);PATRICIA REILLY GIFF;1987;http://images.amazon.com/images/P/0440441501.01.THUMBZZZ.jpg;;;
590687301;Ralph S. Mouse;Beverly Cleary;2000;http://images.amazon.com/images/P/0590687301.01.THUMBZZZ.jpg;;;
439061644;The First Journey (Animorphs. Alternamorphs, 1);K. A. Applegate;1999;http://images.amazon.com/images/P/0439061644.01.THUMBZZZ.jpg;;;
439569842;How Do Dinosaurs Learn to Read;Jane Yolen;2003;http://images.amazon.com/images/P/0439569842.01.THUMBZZZ.jpg;;;
307118703;My First Book about Space (Golden Look-Look Books (Paperback));Dinah L. Moche;1997;http://images.amazon.com/images/P/0307118703.01.THUMBZZZ.jpg;;;
590418858;You Be the Jury #02;Marvin Miller;1989;http://images.amazon.com/images/P/0590418858.01.THUMBZZZ.jpg;;;
030720152X;Comic Characters;Craig Boldman;1983;http://images.amazon.com/images/P/030720152X.01.THUMBZZZ.jpg;;;
816728739;The Time Machine (Troll Illustrated Classics);H. G. Wells;1992;http://images.amazon.com/images/P/0816728739.01.THUMBZZZ.jpg;;;
865050880;I Like School (in My World Series);Bobbie Kalman;1985;http://images.amazon.com/images/P/0865050880.01.THUMBZZZ.jpg;;;
812519655;Sacred Ground;Mercedes Lackey;1995;http://images.amazon.com/images/P/0812519655.01.THUMBZZZ.jpg;;;
812524853;Burning Water (Burning Water);Mercedes Lackey;1992;http://images.amazon.com/images/P/0812524853.01.THUMBZZZ.jpg;;;
449211770;The Tightrope Walker;Dorothy Gilman;1997;http://images.amazon.com/images/P/0449211770.01.THUMBZZZ.jpg;;;
193072229X;MoveOn's 50 Ways to Love Your Country: How to Find Your Political Voice and Become a Catalyst for Change;Moveon;2004;http://images.amazon.com/images/P/193072229X.01.THUMBZZZ.jpg;;;
812521129;Children of the Night;Mercedes Lackey;1990;http://images.amazon.com/images/P/0812521129.01.THUMBZZZ.jpg;;;
345251733;Rainbow the Stormy Life of Judy Garland;Christopher Finch;0;http://images.amazon.com/images/P/0345251733.01.THUMBZZZ.jpg;;;
1400077826;Cold Mountain (MTI) (Vintage Contemporaries);CHARLES FRAZIER;2003;http://images.amazon.com/images/P/1400077826.01.THUMBZZZ.jpg;;;
312995431;A Fountain Filled With Blood (A Rev. Clare Ferguson Mystery);Julia Spencer-Fleming;2004;http://images.amazon.com/images/P/0312995431.01.THUMBZZZ.jpg;;;
312312628;Out of the Deep I Cry : A Clare Fergusson/Russ Van Alstyne Mystery;Julia Spencer-Fleming;2004;http://images.amazon.com/images/P/0312312628.01.THUMBZZZ.jpg;;;
446394521;Daisy Fay and the Miracle Man;Fannie Flagg;1992;http://images.amazon.com/images/P/0446394521.01.THUMBZZZ.jpg;;;
590021117;Little House On the Prairie;Laura Ingall Wilder;0;http://images.amazon.com/images/P/0590021117.01.THUMBZZZ.jpg;;;
068484267X;Angela's Ashes: A Memoir;Frank McCourt;1999;http://images.amazon.com/images/P/068484267X.01.THUMBZZZ.jpg;;;
553578693;The Next Accident;LISA GARDNER;2002;http://images.amazon.com/images/P/0553578693.01.THUMBZZZ.jpg;;;
380709260;Socks (Cleary Reissue);Beverly Cleary;1990;http://images.amazon.com/images/P/0380709260.01.THUMBZZZ.jpg;;;
807565288;The Pet Shop Mystery (Boxcar Children Special (Paper), No 7);Gertrude Chandler Warner;1996;http://images.amazon.com/images/P/0807565288.01.THUMBZZZ.jpg;;;
312986769;In the Bleak Midwinter (A Rev. Clare Ferguson Mystery);Julia Spencer-Fleming;2003;http://images.amazon.com/images/P/0312986769.01.THUMBZZZ.jpg;;;
345413377;The Amber Spyglass (His Dark Materials, Book 3);PHILIP PULLMAN;2001;http://images.amazon.com/images/P/0345413377.01.THUMBZZZ.jpg;;;
345413369;The Subtle Knife (His Dark Materials, Book 2);PHILIP PULLMAN;1998;http://images.amazon.com/images/P/0345413369.01.THUMBZZZ.jpg;;;
679893105;The Golden Compass (His Dark Materials, Book 1);PHILIP PULLMAN;1998;http://images.amazon.com/images/P/0679893105.01.THUMBZZZ.jpg;;;
61096091;Eyeshot;Lynn S. Hightower;1997;http://images.amazon.com/images/P/0061096091.01.THUMBZZZ.jpg;;;
345369068;If Ever I Return, Pretty Peggy-O;Sharyn McCrumb;1991;http://images.amazon.com/images/P/0345369068.01.THUMBZZZ.jpg;;;
451184718;The Rosewood Casket;Sharyn McCrumb;1997;http://images.amazon.com/images/P/0451184718.01.THUMBZZZ.jpg;;;
449209121;The Amazing Mrs. Pollifax;Dorothy Gilman;1992;http://images.amazon.com/images/P/0449209121.01.THUMBZZZ.jpg;;;
60938455;Fast Food Nation: The Dark Side of the All-American Meal;Eric Schlosser;2002;http://images.amazon.com/images/P/0060938455.01.THUMBZZZ.jpg;;;
080411952X;The Unsung Hero;Suzanne Brockmann;2000;http://images.amazon.com/images/P/080411952X.01.THUMBZZZ.jpg;;;
60575808;Two Princesses of Bamarre, The;Gail Carson Levine;2004;http://images.amazon.com/images/P/0060575808.01.THUMBZZZ.jpg;;;
60558865;Ella Enchanted (rack);Gail Carson Levine;2004;http://images.amazon.com/images/P/0060558865.01.THUMBZZZ.jpg;;;
767912918;Passing for Thin : Losing Half My Weight and Finding My Self;FRANCES KUFFEL;2004;http://images.amazon.com/images/P/0767912918.01.THUMBZZZ.jpg;;;
553298860;Bloodlines (Dog Lover's Mysteries);Susan Conant;1994;http://images.amazon.com/images/P/0553298860.01.THUMBZZZ.jpg;;;
385335679;Kissing in Manhattan;DAVID SCHICKLER;2002;http://images.amazon.com/images/P/0385335679.01.THUMBZZZ.jpg;;;
440122090;Echoes;Maeve Binchy;1989;http://images.amazon.com/images/P/0440122090.01.THUMBZZZ.jpg;;;
671525832;Someone to Watch Over Me : A Novel;Judith McNaught;2003;http://images.amazon.com/images/P/0671525832.01.THUMBZZZ.jpg;;;
553279572;The Toynbee Convector;Ray Bradbury;1989;http://images.amazon.com/images/P/0553279572.01.THUMBZZZ.jpg;;;
61009059;One for the Money (Stephanie Plum Novels (Paperback));Janet Evanovich;1995;http://images.amazon.com/images/P/0061009059.01.THUMBZZZ.jpg;;;
60930187;The Bell Jar : A Novel (Perennial Classics);Sylvia Plath;2000;http://images.amazon.com/images/P/0060930187.01.THUMBZZZ.jpg;;;
516076272;A polar bear called Pingo;Ilona Koidahl;1974;http://images.amazon.com/images/P/0516076272.01.THUMBZZZ.jpg;;;
679450432;Dark Lady;Richard North Patterson;1999;http://images.amazon.com/images/P/0679450432.01.THUMBZZZ.jpg;;;
821775863;The Future Scrolls;Fern Michaels;2003;http://images.amazon.com/images/P/0821775863.01.THUMBZZZ.jpg;;;
821770209;About Face;Fern Michaels;2003;http://images.amazon.com/images/P/0821770209.01.THUMBZZZ.jpg;;;
670855758;Tarot Says Beware (A Herculeah Jones Mystery);Betsy Byars;1995;http://images.amazon.com/images/P/0670855758.01.THUMBZZZ.jpg;;;
553562819;Globalhead;Bruce Sterling;1994;http://images.amazon.com/images/P/0553562819.01.THUMBZZZ.jpg;;;
446364193;Along Came a Spider (Alex Cross Novels);James Patterson;1993;http://images.amazon.com/images/P/0446364193.01.THUMBZZZ.jpg;;;
446519138;Simple Abundance:  A Daybook of Comfort and Joy;Sarah Ban Breathnach;1995;http://images.amazon.com/images/P/0446519138.01.THUMBZZZ.jpg;;;
425179672;The River King;Alice Hoffman;2001;http://images.amazon.com/images/P/0425179672.01.THUMBZZZ.jpg;;;
61042943;Final Appeal;Lisa Scottoline;1994;http://images.amazon.com/images/P/0061042943.01.THUMBZZZ.jpg;;;
399144463;Who Moved My Cheese? An Amazing Way to Deal with Change in Your Work and in Your Life;Spencer Johnson;1998;http://images.amazon.com/images/P/0399144463.01.THUMBZZZ.jpg;;;
965404560;Atonement;Ian McEwan;2002;http://images.amazon.com/images/P/0965404560.01.THUMBZZZ.jpg;;;
006015781X;Why Do Clocks Run Clockwise? and Other Imponderables: Mysteries of Everyday Life Explained;David Feldman;1987;http://images.amazon.com/images/P/006015781X.01.THUMBZZZ.jpg;;;
60930705;Someone to Watch Over Me : Stories;Richard Bausch;2000;http://images.amazon.com/images/P/0060930705.01.THUMBZZZ.jpg;;;
312206763;Stately Pursuits;Katie Fforde;1999;http://images.amazon.com/images/P/0312206763.01.THUMBZZZ.jpg;;;
316116025;The Pinball Effect: How Renaissance Water Gardens Made the Carburetor Possible-And Other Journeys Through Knowledge (Pinball Effect);James Burke;1996;http://images.amazon.com/images/P/0316116025.01.THUMBZZZ.jpg;;;
156013967;My Father, Dancing (Harvest Book);Bliss Broyard;2000;http://images.amazon.com/images/P/0156013967.01.THUMBZZZ.jpg;;;
385314019;Women on the Case;Sara Paretsky;1996;http://images.amazon.com/images/P/0385314019.01.THUMBZZZ.jpg;;;
743444167;New Cardiff;Charles Webb;2002;http://images.amazon.com/images/P/0743444167.01.THUMBZZZ.jpg;;;
618231617;Almost: A Novel;Elizabeth Benedict;2002;http://images.amazon.com/images/P/0618231617.01.THUMBZZZ.jpg;;;
1567920047;"A Tally of Types: With Additions by Several Hands ; And With a New Introduction by Mike Parker";Stanley Morison;1999;http://images.amazon.com/images/P/1567920047.01.THUMBZZZ.jpg;;;
811203220;Stand Still Like the Hummingbird;Henry Miller;1962;http://images.amazon.com/images/P/0811203220.01.THUMBZZZ.jpg;;;
1573229148;Crossing the Unknown Sea: Work As a Pilgrimage of Identity;David Whyte;2002;http://images.amazon.com/images/P/1573229148.01.THUMBZZZ.jpg;;;
787955671;The Future of Leadership: Today's Top Leadership Thinkers Speak to Tomorrow's Leaders;Warren  Bennis;2001;http://images.amazon.com/images/P/0787955671.01.THUMBZZZ.jpg;;;
425174484;Expecting Adam: A True Story of Birth, Rebirth, and Everyday Magic;Martha Beck;2000;http://images.amazon.com/images/P/0425174484.01.THUMBZZZ.jpg;;;
385496907;No Future Without Forgiveness;Desmond Mpilo Tutu;2000;http://images.amazon.com/images/P/0385496907.01.THUMBZZZ.jpg;;;
446523992;A Call to Conscience : The Landmark Speeches of Dr. Martin Luther King, Jr.;Kris Shepard;2001;http://images.amazon.com/images/P/0446523992.01.THUMBZZZ.jpg;;;
140185216;On the Road (Penguin 20th Century Classics);Jack Kerouac;1998;http://images.amazon.com/images/P/0140185216.01.THUMBZZZ.jpg;;;
684717255;I And Thou;Martin Buber;1971;http://images.amazon.com/images/P/0684717255.01.THUMBZZZ.jpg;;;
